#
# There is insufficient memory for the Java Runtime Environment to continue.
# Native memory allocation (malloc) failed to allocate 1619216 bytes. Error detail: Chunk::new
# Possible reasons:
#   The system is out of physical RAM or swap space
#   This process is running with CompressedOops enabled, and the Java Heap may be blocking the growth of the native heap
# Possible solutions:
#   Reduce memory load on the system
#   Increase physical memory or swap space
#   Check if swap backing store is full
#   Decrease Java heap size (-Xmx/-Xms)
#   Decrease number of Java threads
#   Decrease Java thread stack sizes (-Xss)
#   Set larger code cache with -XX:ReservedCodeCacheSize=
#   JVM is running with Unscaled Compressed Oops mode in which the Java heap is
#     placed in the first 4GB address space. The Java Heap base address is the
#     maximum limit for the native heap growth. Please use -XX:HeapBaseMinAddress
#     to set the Java Heap base and to place the Java Heap above 4GB virtual address.
# This output file may be truncated or incomplete.
#
#  Out of Memory Error (arena.cpp:191), pid=35880, tid=45212
#
# JRE version: OpenJDK Runtime Environment Microsoft-12574423 (17.0.17+10) (build 17.0.17+10-LTS)
# Java VM: OpenJDK 64-Bit Server VM Microsoft-12574423 (17.0.17+10-LTS, mixed mode, sharing, tiered, compressed oops, compressed class ptrs, g1 gc, windows-amd64)
# No core dump will be written. Minidumps are not enabled by default on client versions of Windows
#

---------------  S U M M A R Y ------------

Command Line: --add-opens=java.base/java.lang=ALL-UNNAMED --add-opens=java.base/java.lang.invoke=ALL-UNNAMED --add-opens=java.base/java.util=ALL-UNNAMED --add-opens=java.prefs/java.util.prefs=ALL-UNNAMED --add-exports=jdk.compiler/com.sun.tools.javac.api=ALL-UNNAMED --add-exports=jdk.compiler/com.sun.tools.javac.util=ALL-UNNAMED --add-opens=java.base/java.util=ALL-UNNAMED --add-opens=java.prefs/java.util.prefs=ALL-UNNAMED --add-opens=java.base/java.nio.charset=ALL-UNNAMED --add-opens=java.base/java.net=ALL-UNNAMED --add-opens=java.base/java.util.concurrent.atomic=ALL-UNNAMED --add-opens=java.xml/javax.xml.namespace=ALL-UNNAMED -XX:MaxMetaspaceSize=512m -Xmx2048m -Dfile.encoding=windows-1252 -Duser.country=PH -Duser.language=en -Duser.variant -javaagent:C:\Users\KrisMar\.gradle\wrapper\dists\gradle-8.13-bin\5xuhj0ry160q40clulazy9h7d\gradle-8.13\lib\agents\gradle-instrumentation-agent-8.13.jar org.gradle.launcher.daemon.bootstrap.GradleDaemon 8.13

Host: 12th Gen Intel(R) Core(TM) i5-12450HX, 12 cores, 23G,  Windows 11 , 64 bit Build 26100 (10.0.26100.8246)
Time: Mon Apr 20 21:32:01 2026 Malay Peninsula Standard Time elapsed time: 37.340069 seconds (0d 0h 0m 37s)

---------------  T H R E A D  ---------------

Current thread (0x00000231f5447a70):  JavaThread "C2 CompilerThread0" daemon [_thread_in_native, id=45212, stack(0x00000083d1100000,0x00000083d1200000)]


Current CompileTask:
C2:37340 20091       4       org.gradle.groovy.scripts.internal.GradleResolveVisitor::transform (194 bytes)

Stack: [0x00000083d1100000,0x00000083d1200000]
Native frames: (J=compiled Java code, j=interpreted, Vv=VM code, C=native code)
V  [jvm.dll+0x68c459]  (no source info available)
V  [jvm.dll+0x845e09]  (no source info available)
V  [jvm.dll+0x847b78]  (no source info available)
V  [jvm.dll+0x848203]  (no source info available)
V  [jvm.dll+0x24cf6f]  (no source info available)
V  [jvm.dll+0xaecb6]  (no source info available)
V  [jvm.dll+0xaf35c]  (no source info available)
V  [jvm.dll+0x37157e]  (no source info available)
V  [jvm.dll+0x33b8d5]  (no source info available)
V  [jvm.dll+0x33ad3a]  (no source info available)
V  [jvm.dll+0x21df29]  (no source info available)
V  [jvm.dll+0x21d36d]  (no source info available)
V  [jvm.dll+0x1a8ce6]  (no source info available)
V  [jvm.dll+0x22db1b]  (no source info available)
V  [jvm.dll+0x22bca6]  (no source info available)
V  [jvm.dll+0x7fb65b]  (no source info available)
V  [jvm.dll+0x7f5a5c]  (no source info available)
V  [jvm.dll+0x68d9f7]  (no source info available)
C  [ucrtbase.dll+0x37b0]  (no source info available)
C  [KERNEL32.DLL+0x2e8d7]  (no source info available)
C  [ntdll.dll+0x8c3fc]  (no source info available)


---------------  P R O C E S S  ---------------

Threads class SMR info:
_java_thread_list=0x00000231a1e42610, length=200, elements={
0x00000231d6a421d0, 0x00000231f4c267f0, 0x00000231f4c273b0, 0x00000231f543f110,
0x00000231f54419f0, 0x00000231f54423b0, 0x00000231f5446d80, 0x00000231f5447a70,
0x00000231f544bd80, 0x00000231f544c780, 0x00000231f4c13420, 0x00000231f56b8480,
0x00000231fb508d10, 0x00000231fb5d16a0, 0x00000231fb5c26f0, 0x00000231fb82f030,
0x00000231fb59fe70, 0x00000231fb445820, 0x00000231fb445310, 0x00000231fb4448f0,
0x00000231fb444e00, 0x00000231fb4439c0, 0x00000231fb446240, 0x00000231fb445d30,
0x00000231fb442fa0, 0x00000231fb4443e0, 0x00000231fe0eea10, 0x00000231fe0edff0,
0x00000231fe0ee500, 0x00000231fe0ed0c0, 0x00000231fe0ed5d0, 0x00000231fe0ebc80,
0x00000231fe0ec190, 0x00000231fe0ecbb0, 0x00000231fe0efe50, 0x00000231fe0f0360,
0x00000231fe0f2be0, 0x00000231fe0f0870, 0x00000231fe0f1290, 0x00000231fe0f30f0,
0x00000231fe0f0d80, 0x00000231fe0f17a0, 0x00000231fe0f26d0, 0x00000231fca38240,
0x00000231fca38750, 0x00000231fca39b90, 0x00000231fca38c60, 0x00000231fca39170,
0x00000231fca39680, 0x00000231fca3a0a0, 0x00000231fca3a5b0, 0x00000231fca3aac0,
0x00000231fca3afd0, 0x00000231fca3b4e0, 0x00000231fca37d30, 0x00000231fca3c410,
0x00000231fca3b9f0, 0x00000231fca3f6b0, 0x00000231fca3c920, 0x00000231fca3f1a0,
0x00000231fca3ce30, 0x00000231fca3bf00, 0x00000231fca3d340, 0x00000231fca3d850,
0x00000231fca3dd60, 0x00000231fca3e270, 0x00000231fca3e780, 0x00000231fca3ec90,
0x00000231f5484420, 0x00000231f5484930, 0x00000231f5485860, 0x00000231f5487bd0,
0x00000231f5485d70, 0x00000231f54880e0, 0x00000231f5486280, 0x00000231f5486790,
0x00000231f54885f0, 0x00000231f5484e40, 0x00000231f548a960, 0x00000231f548b380,
0x00000231f548bda0, 0x00000231f548ae70, 0x00000231f548b890, 0x00000231f5489010,
0x00000231f5488b00, 0x00000231f5489a30, 0x00000231f5489520, 0x00000231f5489f40,
0x00000231f548a450, 0x00000231ff83dc80, 0x00000231ff83b400, 0x00000231ff83c840,
0x00000231ff83cd50, 0x00000231ff83aef0, 0x00000231ff83b910, 0x00000231ff83be20,
0x00000231ff83d260, 0x00000231ff83d770, 0x00000231ff83c330, 0x00000231ff83e190,
0x00000231ff83a9e0, 0x00000231ff840a10, 0x00000231ff841e50, 0x00000231ff840f20,
0x00000231ff83ebb0, 0x00000231ff840500, 0x00000231ff83fae0, 0x00000231ff83f5d0,
0x00000231ff83fff0, 0x00000231ff83f0c0, 0x00000231ff841430, 0x00000231ff841940,
0x00000231ff83e6a0, 0x00000231ff842360, 0x00000231ff10b100, 0x00000231ff10abf0,
0x00000231ff109cc0, 0x00000231ff1097b0, 0x00000231ff10a1d0, 0x00000231ff10a6e0,
0x00000231ff10b610, 0x00000231ff108880, 0x00000231ff107e60, 0x00000231ff10bb20,
0x00000231ff108370, 0x00000231ff1092a0, 0x00000231ff10c540, 0x00000231ff10c030,
0x00000231ff108d90, 0x00000231ff10de90, 0x00000231ff10cf60, 0x00000231ff10e8b0,
0x00000231ff10ca50, 0x00000231ff10f7e0, 0x00000231ff10edc0, 0x00000231ff10d470,
0x00000231ff10d980, 0x00000231ff10e3a0, 0x00000231ff10f2d0, 0x000002319b41c270,
0x000002319b41e0d0, 0x000002319b41b340, 0x000002319b41d1a0, 0x000002319b41c780,
0x000002319b41eaf0, 0x000002319b41cc90, 0x000002319b41b850, 0x000002319b41bd60,
0x000002319b41d6b0, 0x000002319b41dbc0, 0x000002319b41e5e0, 0x00000231ff8e6ec0,
0x00000231ff8e5060, 0x00000231ff8e8d20, 0x00000231ff8e78e0, 0x00000231ff8e5a80,
0x00000231ff8e7df0, 0x00000231ff8e73d0, 0x00000231ff8e5570, 0x00000231ff8e8300,
0x00000231ff8e69b0, 0x00000231ff8e8810, 0x00000231ff8e9230, 0x00000231ff8e9740,
0x00000231ff8e5f90, 0x00000231ff8e64a0, 0x00000231ff8eb090, 0x00000231ff8ebab0,
0x00000231ff8eab80, 0x00000231ff8e9c50, 0x00000231ff8ebfc0, 0x00000231ff8eb5a0,
0x00000231ff8ea160, 0x00000231ff8ea670, 0x00000231ff8ec4d0, 0x00000231ff8ec9e0,
0x000002319b55e200, 0x000002319b55dcf0, 0x000002319b55ec20, 0x000002319b560570,
0x000002319b55e710, 0x000002319b55cdc0, 0x000002319b55fb50, 0x000002319b5614a0,
0x000002319b5623d0, 0x000002319b563810, 0x000002319b560a80, 0x000002319b55d2d0,
0x00000231a1d93300, 0x00000231a1d90a80, 0x00000231a1d923d0, 0x00000231a1d93d20,
0x00000231a1d94c50, 0x00000231a1d91ec0, 0x00000231a1d95160, 0x00000231a1d90060,
0x00000231a1d95670, 0x00000231a1d95b80, 0x00000231a1d96090, 0x00000231ff3b0410
}

Java Threads: ( => current thread )
  0x00000231d6a421d0 JavaThread "main" [_thread_blocked, id=3276, stack(0x00000083d0400000,0x00000083d0500000)]
  0x00000231f4c267f0 JavaThread "Reference Handler" daemon [_thread_blocked, id=40632, stack(0x00000083d0b00000,0x00000083d0c00000)]
  0x00000231f4c273b0 JavaThread "Finalizer" daemon [_thread_blocked, id=2816, stack(0x00000083d0c00000,0x00000083d0d00000)]
  0x00000231f543f110 JavaThread "Signal Dispatcher" daemon [_thread_blocked, id=35680, stack(0x00000083d0d00000,0x00000083d0e00000)]
  0x00000231f54419f0 JavaThread "Attach Listener" daemon [_thread_blocked, id=29280, stack(0x00000083d0e00000,0x00000083d0f00000)]
  0x00000231f54423b0 JavaThread "Service Thread" daemon [_thread_blocked, id=31128, stack(0x00000083d0f00000,0x00000083d1000000)]
  0x00000231f5446d80 JavaThread "Monitor Deflation Thread" daemon [_thread_blocked, id=48416, stack(0x00000083d1000000,0x00000083d1100000)]
=>0x00000231f5447a70 JavaThread "C2 CompilerThread0" daemon [_thread_in_native, id=45212, stack(0x00000083d1100000,0x00000083d1200000)]
  0x00000231f544bd80 JavaThread "C1 CompilerThread0" daemon [_thread_blocked, id=47380, stack(0x00000083d1200000,0x00000083d1300000)]
  0x00000231f544c780 JavaThread "Sweeper thread" daemon [_thread_blocked, id=62996, stack(0x00000083d1300000,0x00000083d1400000)]
  0x00000231f4c13420 JavaThread "Common-Cleaner" daemon [_thread_blocked, id=2776, stack(0x00000083d1400000,0x00000083d1500000)]
  0x00000231f56b8480 JavaThread "Notification Thread" daemon [_thread_blocked, id=34544, stack(0x00000083d1500000,0x00000083d1600000)]
  0x00000231fb508d10 JavaThread "Daemon health stats" [_thread_blocked, id=67444, stack(0x00000083d1800000,0x00000083d1900000)]
  0x00000231fb5d16a0 JavaThread "Incoming local TCP Connector on port 60517" [_thread_in_native, id=64388, stack(0x00000083d2100000,0x00000083d2200000)]
  0x00000231fb5c26f0 JavaThread "Daemon periodic checks" [_thread_blocked, id=44496, stack(0x00000083d2200000,0x00000083d2300000)]
  0x00000231fb82f030 JavaThread "Daemon" [_thread_blocked, id=57568, stack(0x00000083d2300000,0x00000083d2400000)]
  0x00000231fb59fe70 JavaThread "Handler for socket connection from /127.0.0.1:60517 to /127.0.0.1:60518" [_thread_in_native, id=28056, stack(0x00000083d2400000,0x00000083d2500000)]
  0x00000231fb445820 JavaThread "Cancel handler" [_thread_blocked, id=29344, stack(0x00000083d2500000,0x00000083d2600000)]
  0x00000231fb445310 JavaThread "Daemon worker" [_thread_in_Java, id=2812, stack(0x00000083d2600000,0x00000083d2700000)]
  0x00000231fb4448f0 JavaThread "Asynchronous log dispatcher for DefaultDaemonConnection: socket connection from /127.0.0.1:60517 to /127.0.0.1:60518" [_thread_blocked, id=59232, stack(0x00000083d2700000,0x00000083d2800000)]
  0x00000231fb444e00 JavaThread "Stdin handler" [_thread_blocked, id=24332, stack(0x00000083d2800000,0x00000083d2900000)]
  0x00000231fb4439c0 JavaThread "Daemon client event forwarder" [_thread_blocked, id=14324, stack(0x00000083d2900000,0x00000083d2a00000)]
  0x00000231fb446240 JavaThread "Cache worker for journal cache (C:\Users\KrisMar\.gradle\caches\journal-1)" [_thread_blocked, id=69312, stack(0x00000083d2b00000,0x00000083d2c00000)]
  0x00000231fb445d30 JavaThread "File lock request listener" [_thread_in_native, id=15592, stack(0x00000083d2c00000,0x00000083d2d00000)]
  0x00000231fb442fa0 JavaThread "Cache worker for file hash cache (C:\Users\KrisMar\.gradle\caches\8.13\fileHashes)" [_thread_blocked, id=26616, stack(0x00000083d2d00000,0x00000083d2e00000)]
  0x00000231fb4443e0 JavaThread "Cache worker for file hash cache (C:\APPDEV\LARIOSA\android\.gradle\8.13\fileHashes)" [_thread_blocked, id=47808, stack(0x00000083d2e00000,0x00000083d2f00000)]
  0x00000231fe0eea10 JavaThread "Cache worker for Build Output Cleanup Cache (C:\APPDEV\LARIOSA\android\.gradle\buildOutputCleanup)" [_thread_blocked, id=58620, stack(0x00000083d2f00000,0x00000083d3000000)]
  0x00000231fe0edff0 JavaThread "File watcher server" daemon [_thread_in_native, id=68604, stack(0x00000083d3300000,0x00000083d3400000)]
  0x00000231fe0ee500 JavaThread "File watcher consumer" daemon [_thread_blocked, id=30384, stack(0x00000083d3400000,0x00000083d3500000)]
  0x00000231fe0ed0c0 JavaThread "jar transforms" [_thread_blocked, id=70356, stack(0x00000083d3600000,0x00000083d3700000)]
  0x00000231fe0ed5d0 JavaThread "Cache worker for checksums cache (C:\APPDEV\LARIOSA\android\.gradle\8.13\checksums)" [_thread_blocked, id=33188, stack(0x00000083d3700000,0x00000083d3800000)]
  0x00000231fe0ebc80 JavaThread "Cache worker for file content cache (C:\Users\KrisMar\.gradle\caches\8.13\fileContent)" [_thread_blocked, id=42152, stack(0x00000083d3800000,0x00000083d3900000)]
  0x00000231fe0ec190 JavaThread "Cache worker for cache directory md-supplier (C:\Users\KrisMar\.gradle\caches\8.13\md-supplier)" [_thread_blocked, id=54052, stack(0x00000083d3900000,0x00000083d3a00000)]
  0x00000231fe0ecbb0 JavaThread "Cache worker for cache directory md-rule (C:\Users\KrisMar\.gradle\caches\8.13\md-rule)" [_thread_blocked, id=48688, stack(0x00000083d3a00000,0x00000083d3b00000)]
  0x00000231fe0efe50 JavaThread "Cache worker for Build Output Cleanup Cache (C:\APPDEV\LARIOSA\node_modules\@react-native\gradle-plugin\.gradle\buildOutputCleanup)" [_thread_blocked, id=33544, stack(0x00000083d3b00000,0x00000083d3c00000)]
  0x00000231fe0f0360 JavaThread "Unconstrained build operations" [_thread_blocked, id=22704, stack(0x00000083d3c00000,0x00000083d3d00000)]
  0x00000231fe0f2be0 JavaThread "Unconstrained build operations Thread 2" [_thread_blocked, id=28204, stack(0x00000083d3d00000,0x00000083d3e00000)]
  0x00000231fe0f0870 JavaThread "Unconstrained build operations Thread 3" [_thread_blocked, id=54204, stack(0x00000083d3e00000,0x00000083d3f00000)]
  0x00000231fe0f1290 JavaThread "Unconstrained build operations Thread 4" [_thread_blocked, id=68752, stack(0x00000083d3f00000,0x00000083d4000000)]
  0x00000231fe0f30f0 JavaThread "Unconstrained build operations Thread 5" [_thread_blocked, id=37096, stack(0x00000083d4000000,0x00000083d4100000)]
  0x00000231fe0f0d80 JavaThread "Unconstrained build operations Thread 6" [_thread_blocked, id=30524, stack(0x00000083d4100000,0x00000083d4200000)]
  0x00000231fe0f17a0 JavaThread "Unconstrained build operations Thread 7" [_thread_blocked, id=45876, stack(0x00000083d3500000,0x00000083d3600000)]
  0x00000231fe0f26d0 JavaThread "Unconstrained build operations Thread 8" [_thread_blocked, id=7940, stack(0x00000083d4200000,0x00000083d4300000)]
  0x00000231fca38240 JavaThread "Unconstrained build operations Thread 9" [_thread_blocked, id=43716, stack(0x00000083d4300000,0x00000083d4400000)]
  0x00000231fca38750 JavaThread "Unconstrained build operations Thread 10" [_thread_blocked, id=35388, stack(0x00000083d4400000,0x00000083d4500000)]
  0x00000231fca39b90 JavaThread "Unconstrained build operations Thread 11" [_thread_blocked, id=16400, stack(0x00000083d4500000,0x00000083d4600000)]
  0x00000231fca38c60 JavaThread "Unconstrained build operations Thread 12" [_thread_blocked, id=38484, stack(0x00000083d4600000,0x00000083d4700000)]
  0x00000231fca39170 JavaThread "Unconstrained build operations Thread 13" [_thread_blocked, id=38780, stack(0x00000083d4700000,0x00000083d4800000)]
  0x00000231fca39680 JavaThread "Unconstrained build operations Thread 14" [_thread_blocked, id=60428, stack(0x00000083d4800000,0x00000083d4900000)]
  0x00000231fca3a0a0 JavaThread "Unconstrained build operations Thread 15" [_thread_blocked, id=36504, stack(0x00000083d4900000,0x00000083d4a00000)]
  0x00000231fca3a5b0 JavaThread "Unconstrained build operations Thread 16" [_thread_blocked, id=25652, stack(0x00000083d4a00000,0x00000083d4b00000)]
  0x00000231fca3aac0 JavaThread "Unconstrained build operations Thread 17" [_thread_blocked, id=57356, stack(0x00000083d4b00000,0x00000083d4c00000)]
  0x00000231fca3afd0 JavaThread "Unconstrained build operations Thread 18" [_thread_blocked, id=25388, stack(0x00000083d4c00000,0x00000083d4d00000)]
  0x00000231fca3b4e0 JavaThread "Unconstrained build operations Thread 19" [_thread_blocked, id=67364, stack(0x00000083d4d00000,0x00000083d4e00000)]
  0x00000231fca37d30 JavaThread "Unconstrained build operations Thread 20" [_thread_blocked, id=18332, stack(0x00000083d4e00000,0x00000083d4f00000)]
  0x00000231fca3c410 JavaThread "Unconstrained build operations Thread 21" [_thread_blocked, id=23448, stack(0x00000083d4f00000,0x00000083d5000000)]
  0x00000231fca3b9f0 JavaThread "Unconstrained build operations Thread 22" [_thread_blocked, id=25360, stack(0x00000083d5000000,0x00000083d5100000)]
  0x00000231fca3f6b0 JavaThread "Unconstrained build operations Thread 23" [_thread_blocked, id=22116, stack(0x00000083d5100000,0x00000083d5200000)]
  0x00000231fca3c920 JavaThread "Unconstrained build operations Thread 24" [_thread_blocked, id=61652, stack(0x00000083d5200000,0x00000083d5300000)]
  0x00000231fca3f1a0 JavaThread "Unconstrained build operations Thread 25" [_thread_blocked, id=55056, stack(0x00000083d5300000,0x00000083d5400000)]
  0x00000231fca3ce30 JavaThread "Unconstrained build operations Thread 26" [_thread_blocked, id=8128, stack(0x00000083d5400000,0x00000083d5500000)]
  0x00000231fca3bf00 JavaThread "Unconstrained build operations Thread 27" [_thread_blocked, id=44044, stack(0x00000083d5500000,0x00000083d5600000)]
  0x00000231fca3d340 JavaThread "Unconstrained build operations Thread 28" [_thread_blocked, id=41484, stack(0x00000083d5600000,0x00000083d5700000)]
  0x00000231fca3d850 JavaThread "Unconstrained build operations Thread 29" [_thread_blocked, id=65748, stack(0x00000083d5700000,0x00000083d5800000)]
  0x00000231fca3dd60 JavaThread "Unconstrained build operations Thread 30" [_thread_blocked, id=6828, stack(0x00000083d5800000,0x00000083d5900000)]
  0x00000231fca3e270 JavaThread "Unconstrained build operations Thread 31" [_thread_blocked, id=70220, stack(0x00000083d5900000,0x00000083d5a00000)]
  0x00000231fca3e780 JavaThread "Unconstrained build operations Thread 32" [_thread_blocked, id=42128, stack(0x00000083d5a00000,0x00000083d5b00000)]
  0x00000231fca3ec90 JavaThread "Unconstrained build operations Thread 33" [_thread_blocked, id=9652, stack(0x00000083d5b00000,0x00000083d5c00000)]
  0x00000231f5484420 JavaThread "Unconstrained build operations Thread 34" [_thread_blocked, id=31936, stack(0x00000083d5c00000,0x00000083d5d00000)]
  0x00000231f5484930 JavaThread "Unconstrained build operations Thread 35" [_thread_blocked, id=21552, stack(0x00000083d5d00000,0x00000083d5e00000)]
  0x00000231f5485860 JavaThread "Unconstrained build operations Thread 36" [_thread_blocked, id=14068, stack(0x00000083d5e00000,0x00000083d5f00000)]
  0x00000231f5487bd0 JavaThread "Unconstrained build operations Thread 37" [_thread_blocked, id=59784, stack(0x00000083d5f00000,0x00000083d6000000)]
  0x00000231f5485d70 JavaThread "Unconstrained build operations Thread 38" [_thread_blocked, id=39460, stack(0x00000083d6000000,0x00000083d6100000)]
  0x00000231f54880e0 JavaThread "Unconstrained build operations Thread 39" [_thread_blocked, id=15928, stack(0x00000083d6100000,0x00000083d6200000)]
  0x00000231f5486280 JavaThread "build event listener" [_thread_blocked, id=54304, stack(0x00000083d6200000,0x00000083d6300000)]
  0x00000231f5486790 JavaThread "Memory manager" [_thread_blocked, id=44204, stack(0x00000083d2a00000,0x00000083d2b00000)]
  0x00000231f54885f0 JavaThread "ForkJoinPool.commonPool-worker-1" daemon [_thread_blocked, id=10740, stack(0x00000083d6500000,0x00000083d6600000)]
  0x00000231f5484e40 JavaThread "ForkJoinPool.commonPool-worker-2" daemon [_thread_blocked, id=65200, stack(0x00000083d6600000,0x00000083d6700000)]
  0x00000231f548a960 JavaThread "ForkJoinPool.commonPool-worker-3" daemon [_thread_blocked, id=27616, stack(0x00000083d6700000,0x00000083d6800000)]
  0x00000231f548b380 JavaThread "ForkJoinPool.commonPool-worker-4" daemon [_thread_blocked, id=26072, stack(0x00000083d6800000,0x00000083d6900000)]
  0x00000231f548bda0 JavaThread "ForkJoinPool.commonPool-worker-5" daemon [_thread_blocked, id=40280, stack(0x00000083d6900000,0x00000083d6a00000)]
  0x00000231f548ae70 JavaThread "ForkJoinPool.commonPool-worker-6" daemon [_thread_blocked, id=19972, stack(0x00000083d6a00000,0x00000083d6b00000)]
  0x00000231f548b890 JavaThread "ForkJoinPool.commonPool-worker-7" daemon [_thread_blocked, id=65520, stack(0x00000083d6b00000,0x00000083d6c00000)]
  0x00000231f5489010 JavaThread "ForkJoinPool.commonPool-worker-8" daemon [_thread_blocked, id=43272, stack(0x00000083d6c00000,0x00000083d6d00000)]
  0x00000231f5488b00 JavaThread "ForkJoinPool.commonPool-worker-9" daemon [_thread_blocked, id=25780, stack(0x00000083d6d00000,0x00000083d6e00000)]
  0x00000231f5489a30 JavaThread "ForkJoinPool.commonPool-worker-10" daemon [_thread_blocked, id=69000, stack(0x00000083d6e00000,0x00000083d6f00000)]
  0x00000231f5489520 JavaThread "Exec process" [_thread_blocked, id=54588, stack(0x00000083d6f00000,0x00000083d7000000)]
  0x00000231f5489f40 JavaThread "Exec process Thread 2" [_thread_blocked, id=6360, stack(0x00000083d7000000,0x00000083d7100000)]
  0x00000231f548a450 JavaThread "Exec process Thread 3" [_thread_blocked, id=40056, stack(0x00000083d7100000,0x00000083d7200000)]
  0x00000231ff83dc80 JavaThread "included builds" [_thread_blocked, id=47456, stack(0x00000083d6400000,0x00000083d6500000)]
  0x00000231ff83b400 JavaThread "Execution worker" [_thread_blocked, id=70084, stack(0x00000083d7200000,0x00000083d7300000)]
  0x00000231ff83c840 JavaThread "Execution worker Thread 2" [_thread_blocked, id=43148, stack(0x00000083d7300000,0x00000083d7400000)]
  0x00000231ff83cd50 JavaThread "Execution worker Thread 3" [_thread_blocked, id=44180, stack(0x00000083d7400000,0x00000083d7500000)]
  0x00000231ff83aef0 JavaThread "Execution worker Thread 4" [_thread_blocked, id=59252, stack(0x00000083d7500000,0x00000083d7600000)]
  0x00000231ff83b910 JavaThread "Execution worker Thread 5" [_thread_blocked, id=45216, stack(0x00000083d7600000,0x00000083d7700000)]
  0x00000231ff83be20 JavaThread "Execution worker Thread 6" [_thread_blocked, id=20580, stack(0x00000083d7700000,0x00000083d7800000)]
  0x00000231ff83d260 JavaThread "Execution worker Thread 7" [_thread_blocked, id=50324, stack(0x00000083d7800000,0x00000083d7900000)]
  0x00000231ff83d770 JavaThread "Execution worker Thread 8" [_thread_blocked, id=66576, stack(0x00000083d7900000,0x00000083d7a00000)]
  0x00000231ff83c330 JavaThread "Execution worker Thread 9" [_thread_blocked, id=68900, stack(0x00000083d7a00000,0x00000083d7b00000)]
  0x00000231ff83e190 JavaThread "Execution worker Thread 10" [_thread_blocked, id=52276, stack(0x00000083d7b00000,0x00000083d7c00000)]
  0x00000231ff83a9e0 JavaThread "Execution worker Thread 11" [_thread_blocked, id=54408, stack(0x00000083d7c00000,0x00000083d7d00000)]
  0x00000231ff840a10 JavaThread "Cache worker for execution history cache (C:\APPDEV\LARIOSA\node_modules\@react-native\gradle-plugin\.gradle\8.13\executionHistory)" [_thread_blocked, id=68344, stack(0x00000083d7d00000,0x00000083d7e00000)]
  0x00000231ff841e50 JavaThread "Unconstrained build operations Thread 40" [_thread_blocked, id=10044, stack(0x00000083d7e00000,0x00000083d7f00000)]
  0x00000231ff840f20 JavaThread "Unconstrained build operations Thread 41" [_thread_blocked, id=18184, stack(0x00000083d7f00000,0x00000083d8000000)]
  0x00000231ff83ebb0 JavaThread "Unconstrained build operations Thread 42" [_thread_blocked, id=47992, stack(0x00000083d8000000,0x00000083d8100000)]
  0x00000231ff840500 JavaThread "Unconstrained build operations Thread 43" [_thread_blocked, id=18780, stack(0x00000083d8100000,0x00000083d8200000)]
  0x00000231ff83fae0 JavaThread "Unconstrained build operations Thread 44" [_thread_blocked, id=32684, stack(0x00000083d8200000,0x00000083d8300000)]
  0x00000231ff83f5d0 JavaThread "Unconstrained build operations Thread 45" [_thread_blocked, id=46692, stack(0x00000083d8300000,0x00000083d8400000)]
  0x00000231ff83fff0 JavaThread "Unconstrained build operations Thread 46" [_thread_blocked, id=58864, stack(0x00000083d8400000,0x00000083d8500000)]
  0x00000231ff83f0c0 JavaThread "Unconstrained build operations Thread 47" [_thread_blocked, id=30648, stack(0x00000083d8500000,0x00000083d8600000)]
  0x00000231ff841430 JavaThread "Unconstrained build operations Thread 48" [_thread_blocked, id=38940, stack(0x00000083d8600000,0x00000083d8700000)]
  0x00000231ff841940 JavaThread "Unconstrained build operations Thread 49" [_thread_blocked, id=68448, stack(0x00000083d8700000,0x00000083d8800000)]
  0x00000231ff83e6a0 JavaThread "Unconstrained build operations Thread 50" [_thread_blocked, id=44856, stack(0x00000083d8800000,0x00000083d8900000)]
  0x00000231ff842360 JavaThread "Unconstrained build operations Thread 51" [_thread_blocked, id=32992, stack(0x00000083d8900000,0x00000083d8a00000)]
  0x00000231ff10b100 JavaThread "Unconstrained build operations Thread 52" [_thread_blocked, id=42624, stack(0x00000083d8a00000,0x00000083d8b00000)]
  0x00000231ff10abf0 JavaThread "Unconstrained build operations Thread 53" [_thread_blocked, id=59156, stack(0x00000083d8b00000,0x00000083d8c00000)]
  0x00000231ff109cc0 JavaThread "Unconstrained build operations Thread 54" [_thread_blocked, id=50304, stack(0x00000083d8c00000,0x00000083d8d00000)]
  0x00000231ff1097b0 JavaThread "Unconstrained build operations Thread 55" [_thread_blocked, id=54360, stack(0x00000083d8d00000,0x00000083d8e00000)]
  0x00000231ff10a1d0 JavaThread "Unconstrained build operations Thread 56" [_thread_blocked, id=54684, stack(0x00000083d8e00000,0x00000083d8f00000)]
  0x00000231ff10a6e0 JavaThread "Unconstrained build operations Thread 57" [_thread_blocked, id=27672, stack(0x00000083d8f00000,0x00000083d9000000)]
  0x00000231ff10b610 JavaThread "Unconstrained build operations Thread 58" [_thread_blocked, id=53016, stack(0x00000083d9000000,0x00000083d9100000)]
  0x00000231ff108880 JavaThread "Unconstrained build operations Thread 59" [_thread_blocked, id=42828, stack(0x00000083d9100000,0x00000083d9200000)]
  0x00000231ff107e60 JavaThread "Unconstrained build operations Thread 60" [_thread_blocked, id=39828, stack(0x00000083d9200000,0x00000083d9300000)]
  0x00000231ff10bb20 JavaThread "Unconstrained build operations Thread 61" [_thread_blocked, id=42516, stack(0x00000083d9300000,0x00000083d9400000)]
  0x00000231ff108370 JavaThread "Unconstrained build operations Thread 62" [_thread_blocked, id=60800, stack(0x00000083d9400000,0x00000083d9500000)]
  0x00000231ff1092a0 JavaThread "Unconstrained build operations Thread 63" [_thread_blocked, id=61756, stack(0x00000083d9500000,0x00000083d9600000)]
  0x00000231ff10c540 JavaThread "Unconstrained build operations Thread 64" [_thread_blocked, id=46984, stack(0x00000083d9600000,0x00000083d9700000)]
  0x00000231ff10c030 JavaThread "Unconstrained build operations Thread 65" [_thread_blocked, id=35752, stack(0x00000083d9700000,0x00000083d9800000)]
  0x00000231ff108d90 JavaThread "Unconstrained build operations Thread 66" [_thread_blocked, id=59648, stack(0x00000083d9800000,0x00000083d9900000)]
  0x00000231ff10de90 JavaThread "Unconstrained build operations Thread 67" [_thread_blocked, id=64732, stack(0x00000083d9900000,0x00000083d9a00000)]
  0x00000231ff10cf60 JavaThread "Unconstrained build operations Thread 68" [_thread_blocked, id=69892, stack(0x00000083d9a00000,0x00000083d9b00000)]
  0x00000231ff10e8b0 JavaThread "Unconstrained build operations Thread 69" [_thread_blocked, id=51896, stack(0x00000083d9b00000,0x00000083d9c00000)]
  0x00000231ff10ca50 JavaThread "Unconstrained build operations Thread 70" [_thread_blocked, id=65960, stack(0x00000083d9c00000,0x00000083d9d00000)]
  0x00000231ff10f7e0 JavaThread "Unconstrained build operations Thread 71" [_thread_blocked, id=70172, stack(0x00000083d9d00000,0x00000083d9e00000)]
  0x00000231ff10edc0 JavaThread "Unconstrained build operations Thread 72" [_thread_blocked, id=39208, stack(0x00000083d9e00000,0x00000083d9f00000)]
  0x00000231ff10d470 JavaThread "Unconstrained build operations Thread 73" [_thread_blocked, id=57132, stack(0x00000083d9f00000,0x00000083da000000)]
  0x00000231ff10d980 JavaThread "Unconstrained build operations Thread 74" [_thread_blocked, id=53448, stack(0x00000083da000000,0x00000083da100000)]
  0x00000231ff10e3a0 JavaThread "Unconstrained build operations Thread 75" [_thread_blocked, id=27108, stack(0x00000083da100000,0x00000083da200000)]
  0x00000231ff10f2d0 JavaThread "Unconstrained build operations Thread 76" [_thread_blocked, id=41640, stack(0x00000083da200000,0x00000083da300000)]
  0x000002319b41c270 JavaThread "Unconstrained build operations Thread 77" [_thread_blocked, id=7368, stack(0x00000083da300000,0x00000083da400000)]
  0x000002319b41e0d0 JavaThread "Unconstrained build operations Thread 78" [_thread_blocked, id=8868, stack(0x00000083da400000,0x00000083da500000)]
  0x000002319b41b340 JavaThread "Unconstrained build operations Thread 79" [_thread_blocked, id=18480, stack(0x00000083da500000,0x00000083da600000)]
  0x000002319b41d1a0 JavaThread "Unconstrained build operations Thread 80" [_thread_blocked, id=50224, stack(0x00000083da600000,0x00000083da700000)]
  0x000002319b41c780 JavaThread "Unconstrained build operations Thread 81" [_thread_blocked, id=44936, stack(0x00000083d6300000,0x00000083d6400000)]
  0x000002319b41eaf0 JavaThread "Unconstrained build operations Thread 82" [_thread_blocked, id=32148, stack(0x00000083da700000,0x00000083da800000)]
  0x000002319b41cc90 JavaThread "Unconstrained build operations Thread 83" [_thread_blocked, id=13036, stack(0x00000083da800000,0x00000083da900000)]
  0x000002319b41b850 JavaThread "Unconstrained build operations Thread 84" [_thread_blocked, id=63492, stack(0x00000083da900000,0x00000083daa00000)]
  0x000002319b41bd60 JavaThread "Unconstrained build operations Thread 85" [_thread_blocked, id=24388, stack(0x00000083daa00000,0x00000083dab00000)]
  0x000002319b41d6b0 JavaThread "Unconstrained build operations Thread 86" [_thread_blocked, id=58428, stack(0x00000083dab00000,0x00000083dac00000)]
  0x000002319b41dbc0 JavaThread "Unconstrained build operations Thread 87" [_thread_blocked, id=12740, stack(0x00000083dac00000,0x00000083dad00000)]
  0x000002319b41e5e0 JavaThread "Unconstrained build operations Thread 88" [_thread_blocked, id=42396, stack(0x00000083dad00000,0x00000083dae00000)]
  0x00000231ff8e6ec0 JavaThread "Unconstrained build operations Thread 89" [_thread_blocked, id=42016, stack(0x00000083dae00000,0x00000083daf00000)]
  0x00000231ff8e5060 JavaThread "Unconstrained build operations Thread 90" [_thread_blocked, id=46140, stack(0x00000083daf00000,0x00000083db000000)]
  0x00000231ff8e8d20 JavaThread "Unconstrained build operations Thread 91" [_thread_blocked, id=23084, stack(0x00000083db000000,0x00000083db100000)]
  0x00000231ff8e78e0 JavaThread "Unconstrained build operations Thread 92" [_thread_blocked, id=54848, stack(0x00000083db100000,0x00000083db200000)]
  0x00000231ff8e5a80 JavaThread "Unconstrained build operations Thread 93" [_thread_blocked, id=43052, stack(0x00000083db200000,0x00000083db300000)]
  0x00000231ff8e7df0 JavaThread "Unconstrained build operations Thread 94" [_thread_blocked, id=26052, stack(0x00000083db300000,0x00000083db400000)]
  0x00000231ff8e73d0 JavaThread "Unconstrained build operations Thread 95" [_thread_blocked, id=30580, stack(0x00000083db400000,0x00000083db500000)]
  0x00000231ff8e5570 JavaThread "Unconstrained build operations Thread 96" [_thread_blocked, id=51392, stack(0x00000083db500000,0x00000083db600000)]
  0x00000231ff8e8300 JavaThread "Unconstrained build operations Thread 97" [_thread_blocked, id=46016, stack(0x00000083db600000,0x00000083db700000)]
  0x00000231ff8e69b0 JavaThread "Unconstrained build operations Thread 98" [_thread_blocked, id=32136, stack(0x00000083db700000,0x00000083db800000)]
  0x00000231ff8e8810 JavaThread "Unconstrained build operations Thread 99" [_thread_blocked, id=1020, stack(0x00000083db800000,0x00000083db900000)]
  0x00000231ff8e9230 JavaThread "Unconstrained build operations Thread 100" [_thread_blocked, id=53392, stack(0x00000083db900000,0x00000083dba00000)]
  0x00000231ff8e9740 JavaThread "Unconstrained build operations Thread 101" [_thread_blocked, id=34444, stack(0x00000083dba00000,0x00000083dbb00000)]
  0x00000231ff8e5f90 JavaThread "Unconstrained build operations Thread 102" [_thread_blocked, id=64484, stack(0x00000083dbc00000,0x00000083dbd00000)]
  0x00000231ff8e64a0 JavaThread "Unconstrained build operations Thread 103" [_thread_blocked, id=42132, stack(0x00000083dbd00000,0x00000083dbe00000)]
  0x00000231ff8eb090 JavaThread "Unconstrained build operations Thread 104" [_thread_blocked, id=43120, stack(0x00000083dbe00000,0x00000083dbf00000)]
  0x00000231ff8ebab0 JavaThread "Unconstrained build operations Thread 105" [_thread_blocked, id=46668, stack(0x00000083dbf00000,0x00000083dc000000)]
  0x00000231ff8eab80 JavaThread "Unconstrained build operations Thread 106" [_thread_blocked, id=68480, stack(0x00000083dc000000,0x00000083dc100000)]
  0x00000231ff8e9c50 JavaThread "Unconstrained build operations Thread 107" [_thread_blocked, id=11668, stack(0x00000083dc100000,0x00000083dc200000)]
  0x00000231ff8ebfc0 JavaThread "Unconstrained build operations Thread 108" [_thread_blocked, id=50168, stack(0x00000083dc200000,0x00000083dc300000)]
  0x00000231ff8eb5a0 JavaThread "Unconstrained build operations Thread 109" [_thread_blocked, id=45728, stack(0x00000083dc300000,0x00000083dc400000)]
  0x00000231ff8ea160 JavaThread "Unconstrained build operations Thread 110" [_thread_blocked, id=6928, stack(0x00000083dc400000,0x00000083dc500000)]
  0x00000231ff8ea670 JavaThread "Unconstrained build operations Thread 111" [_thread_blocked, id=12092, stack(0x00000083dc500000,0x00000083dc600000)]
  0x00000231ff8ec4d0 JavaThread "Unconstrained build operations Thread 112" [_thread_blocked, id=56536, stack(0x00000083dc600000,0x00000083dc700000)]
  0x00000231ff8ec9e0 JavaThread "jar transforms Thread 2" [_thread_blocked, id=45516, stack(0x00000083dc700000,0x00000083dc800000)]
  0x000002319b55e200 JavaThread "jar transforms Thread 3" [_thread_blocked, id=51892, stack(0x00000083dc900000,0x00000083dca00000)]
  0x000002319b55dcf0 JavaThread "Unconstrained build operations Thread 113" [_thread_blocked, id=65128, stack(0x00000083dbb00000,0x00000083dbc00000)]
  0x000002319b55ec20 JavaThread "Unconstrained build operations Thread 114" [_thread_blocked, id=17992, stack(0x00000083dc800000,0x00000083dc900000)]
  0x000002319b560570 JavaThread "Unconstrained build operations Thread 115" [_thread_blocked, id=50468, stack(0x00000083dcb00000,0x00000083dcc00000)]
  0x000002319b55e710 JavaThread "Unconstrained build operations Thread 116" [_thread_blocked, id=64252, stack(0x00000083dcd00000,0x00000083dce00000)]
  0x000002319b55cdc0 JavaThread "Unconstrained build operations Thread 117" [_thread_blocked, id=31680, stack(0x00000083dce00000,0x00000083dcf00000)]
  0x000002319b55fb50 JavaThread "Unconstrained build operations Thread 118" [_thread_blocked, id=66312, stack(0x00000083dcf00000,0x00000083dd000000)]
  0x000002319b5614a0 JavaThread "Unconstrained build operations Thread 119" [_thread_blocked, id=12356, stack(0x00000083dd000000,0x00000083dd100000)]
  0x000002319b5623d0 JavaThread "Unconstrained build operations Thread 120" [_thread_blocked, id=20024, stack(0x00000083dd100000,0x00000083dd200000)]
  0x000002319b563810 JavaThread "jar transforms Thread 4" [_thread_blocked, id=57184, stack(0x00000083dd800000,0x00000083dd900000)]
  0x000002319b560a80 JavaThread "jar transforms Thread 5" [_thread_blocked, id=37380, stack(0x00000083dd900000,0x00000083dda00000)]
  0x000002319b55d2d0 JavaThread "jar transforms Thread 6" [_thread_blocked, id=52036, stack(0x00000083dda00000,0x00000083ddb00000)]
  0x00000231a1d93300 JavaThread "build event listener" [_thread_blocked, id=46460, stack(0x00000083dcc00000,0x00000083dcd00000)]
  0x00000231a1d90a80 JavaThread "jar transforms Thread 7" [_thread_blocked, id=13436, stack(0x00000083ddc00000,0x00000083ddd00000)]
  0x00000231a1d923d0 JavaThread "jar transforms Thread 8" [_thread_blocked, id=3584, stack(0x00000083ddd00000,0x00000083dde00000)]
  0x00000231a1d93d20 JavaThread "jar transforms Thread 9" [_thread_blocked, id=52916, stack(0x00000083dde00000,0x00000083ddf00000)]
  0x00000231a1d94c50 JavaThread "jar transforms Thread 10" [_thread_blocked, id=42788, stack(0x00000083ddf00000,0x00000083de000000)]
  0x00000231a1d91ec0 JavaThread "Problems report writer" [_thread_blocked, id=41108, stack(0x00000083de000000,0x00000083de100000)]
  0x00000231a1d95160 JavaThread "jar transforms Thread 11" [_thread_blocked, id=53368, stack(0x00000083de100000,0x00000083de200000)]
  0x00000231a1d90060 JavaThread "jar transforms Thread 12" [_thread_blocked, id=40336, stack(0x00000083de200000,0x00000083de300000)]
  0x00000231a1d95670 JavaThread "Exec process" [_thread_blocked, id=49392, stack(0x00000083ddb00000,0x00000083ddc00000)]
  0x00000231a1d95b80 JavaThread "Exec process Thread 2" [_thread_blocked, id=43992, stack(0x00000083de300000,0x00000083de400000)]
  0x00000231a1d96090 JavaThread "Exec process Thread 3" [_thread_blocked, id=69680, stack(0x00000083de400000,0x00000083de500000)]
  0x00000231ff3b0410 JavaThread "C2 CompilerThread1" daemon [_thread_in_native, id=67916, stack(0x00000083d0300000,0x00000083d0400000)]

Other Threads:
  0x00000231f4c1df40 VMThread "VM Thread" [stack: 0x00000083d0a00000,0x00000083d0b00000] [id=28864]
  0x00000231f55eb8f0 WatcherThread [stack: 0x00000083d1600000,0x00000083d1700000] [id=53840]
  0x00000231d6aa1310 GCTaskThread "GC Thread#0" [stack: 0x00000083d0500000,0x00000083d0600000] [id=14956]
  0x00000231fa011460 GCTaskThread "GC Thread#1" [stack: 0x00000083d1900000,0x00000083d1a00000] [id=43100]
  0x00000231f5d57e40 GCTaskThread "GC Thread#2" [stack: 0x00000083d1a00000,0x00000083d1b00000] [id=52688]
  0x00000231f58bb7e0 GCTaskThread "GC Thread#3" [stack: 0x00000083d1b00000,0x00000083d1c00000] [id=45948]
  0x00000231f5bd29d0 GCTaskThread "GC Thread#4" [stack: 0x00000083d1c00000,0x00000083d1d00000] [id=26824]
  0x00000231f5d047b0 GCTaskThread "GC Thread#5" [stack: 0x00000083d1d00000,0x00000083d1e00000] [id=43720]
  0x00000231f5d04a80 GCTaskThread "GC Thread#6" [stack: 0x00000083d1e00000,0x00000083d1f00000] [id=15000]
  0x00000231f5d04210 GCTaskThread "GC Thread#7" [stack: 0x00000083d1f00000,0x00000083d2000000] [id=45824]
  0x00000231f5d055c0 GCTaskThread "GC Thread#8" [stack: 0x00000083d2000000,0x00000083d2100000] [id=35564]
  0x00000231fc9356e0 GCTaskThread "GC Thread#9" [stack: 0x00000083d3000000,0x00000083d3100000] [id=30264]
  0x00000231d6ab2270 ConcurrentGCThread "G1 Main Marker" [stack: 0x00000083d0600000,0x00000083d0700000] [id=17380]
  0x00000231d6ab3960 ConcurrentGCThread "G1 Conc#0" [stack: 0x00000083d0700000,0x00000083d0800000] [id=40272]
  0x00000231fc935c80 ConcurrentGCThread "G1 Conc#1" [stack: 0x00000083d3100000,0x00000083d3200000] [id=13540]
  0x00000231fc9359b0 ConcurrentGCThread "G1 Conc#2" [stack: 0x00000083d3200000,0x00000083d3300000] [id=38676]
  0x00000231d6aee3c0 ConcurrentGCThread "G1 Refine#0" [stack: 0x00000083d0800000,0x00000083d0900000] [id=41572]
  0x00000231fa3df7a0 ConcurrentGCThread "G1 Refine#1" [stack: 0x00000083d1700000,0x00000083d1800000] [id=34560]
  0x00000231fd05e9f0 ConcurrentGCThread "G1 Refine#2" [stack: 0x00000083dd300000,0x00000083dd400000] [id=53788]
  0x00000231fd05eff0 ConcurrentGCThread "G1 Refine#3" [stack: 0x00000083dd400000,0x00000083dd500000] [id=60300]
  0x00000231fad18680 ConcurrentGCThread "G1 Refine#4" [stack: 0x00000083dd500000,0x00000083dd600000] [id=27060]
  0x00000231f5ced7b0 ConcurrentGCThread "G1 Refine#5" [stack: 0x00000083dd600000,0x00000083dd700000] [id=36860]
  0x00000231f5ceefb0 ConcurrentGCThread "G1 Refine#6" [stack: 0x00000083dd700000,0x00000083dd800000] [id=40128]
  0x00000231d6aeeca0 ConcurrentGCThread "G1 Service" [stack: 0x00000083d0900000,0x00000083d0a00000] [id=20608]

Threads with active compile tasks:
C2 CompilerThread0  37396 20091       4       org.gradle.groovy.scripts.internal.GradleResolveVisitor::transform (194 bytes)
C2 CompilerThread1  37396 20110       4       org.codehaus.groovy.ast.ClassNode::getDeclaredMethodsMap (56 bytes)

VM state: not at safepoint (normal execution)

VM Mutex/Monitor currently owned by a thread: None

Heap address: 0x0000000080000000, size: 2048 MB, Compressed Oops mode: 32-bit

CDS archive(s) mapped at: [0x0000023180000000-0x0000023180bb0000-0x0000023180bb0000), size 12255232, SharedBaseAddress: 0x0000023180000000, ArchiveRelocationMode: 1.
Compressed class space mapped at: 0x0000023181000000-0x000002319b000000, reserved size: 436207616
Narrow klass base: 0x0000023180000000, Narrow klass shift: 0, Narrow klass range: 0x100000000

GC Precious Log:
 CPUs: 12 total, 12 available
 Memory: 24283M
 Large Page Support: Disabled
 NUMA Support: Disabled
 Compressed Oops: Enabled (32-bit)
 Heap Region Size: 1M
 Heap Min Capacity: 8M
 Heap Initial Capacity: 380M
 Heap Max Capacity: 2G
 Pre-touch: Disabled
 Parallel Workers: 10
 Concurrent Workers: 3
 Concurrent Refinement Workers: 10
 Periodic GC: Disabled

Heap:
 garbage-first heap   total 504832K, used 273247K [0x0000000080000000, 0x0000000100000000)
  region size 1024K, 20 young (20480K), 11 survivors (11264K)
 Metaspace       used 130865K, committed 132352K, reserved 557056K
  class space    used 17721K, committed 18432K, reserved 425984K

Heap Regions: E=young(eden), S=young(survivor), O=old, HS=humongous(starts), HC=humongous(continues), CS=collection set, F=free, OA=open archive, CA=closed archive, TAMS=top-at-mark-start (previous, next)
|   0|0x0000000080000000, 0x0000000080100000, 0x0000000080100000|100%|HS|  |TAMS 0x0000000080100000, 0x0000000080000000| Complete 
|   1|0x0000000080100000, 0x0000000080200000, 0x0000000080200000|100%|HC|  |TAMS 0x0000000080200000, 0x0000000080100000| Complete 
|   2|0x0000000080200000, 0x0000000080300000, 0x0000000080300000|100%|HC|  |TAMS 0x0000000080300000, 0x0000000080200000| Complete 
|   3|0x0000000080300000, 0x0000000080400000, 0x0000000080400000|100%| O|  |TAMS 0x0000000080400000, 0x0000000080300000| Untracked 
|   4|0x0000000080400000, 0x0000000080500000, 0x0000000080500000|100%| O|  |TAMS 0x0000000080500000, 0x0000000080400000| Untracked 
|   5|0x0000000080500000, 0x0000000080600000, 0x0000000080600000|100%| O|  |TAMS 0x0000000080600000, 0x0000000080500000| Untracked 
|   6|0x0000000080600000, 0x0000000080700000, 0x0000000080700000|100%|HS|  |TAMS 0x0000000080700000, 0x0000000080600000| Complete 
|   7|0x0000000080700000, 0x0000000080800000, 0x0000000080800000|100%| O|  |TAMS 0x0000000080800000, 0x0000000080700000| Untracked 
|   8|0x0000000080800000, 0x0000000080900000, 0x0000000080900000|100%| O|  |TAMS 0x0000000080900000, 0x0000000080800000| Untracked 
|   9|0x0000000080900000, 0x0000000080a00000, 0x0000000080a00000|100%| O|  |TAMS 0x0000000080a00000, 0x0000000080900000| Untracked 
|  10|0x0000000080a00000, 0x0000000080b00000, 0x0000000080b00000|100%| O|  |TAMS 0x0000000080b00000, 0x0000000080a00000| Untracked 
|  11|0x0000000080b00000, 0x0000000080c00000, 0x0000000080c00000|100%| O|  |TAMS 0x0000000080c00000, 0x0000000080b00000| Untracked 
|  12|0x0000000080c00000, 0x0000000080d00000, 0x0000000080d00000|100%| O|  |TAMS 0x0000000080d00000, 0x0000000080c00000| Untracked 
|  13|0x0000000080d00000, 0x0000000080e00000, 0x0000000080e00000|100%| O|  |TAMS 0x0000000080e00000, 0x0000000080d00000| Untracked 
|  14|0x0000000080e00000, 0x0000000080f00000, 0x0000000080f00000|100%| O|  |TAMS 0x0000000080f00000, 0x0000000080e00000| Untracked 
|  15|0x0000000080f00000, 0x0000000081000000, 0x0000000081000000|100%| O|  |TAMS 0x0000000081000000, 0x0000000080f00000| Untracked 
|  16|0x0000000081000000, 0x0000000081100000, 0x0000000081100000|100%| O|  |TAMS 0x0000000081100000, 0x0000000081000000| Untracked 
|  17|0x0000000081100000, 0x0000000081200000, 0x0000000081200000|100%| O|  |TAMS 0x0000000081200000, 0x0000000081100000| Untracked 
|  18|0x0000000081200000, 0x0000000081300000, 0x0000000081300000|100%| O|  |TAMS 0x0000000081300000, 0x0000000081200000| Untracked 
|  19|0x0000000081300000, 0x0000000081400000, 0x0000000081400000|100%| O|  |TAMS 0x0000000081400000, 0x0000000081300000| Untracked 
|  20|0x0000000081400000, 0x0000000081500000, 0x0000000081500000|100%| O|  |TAMS 0x0000000081500000, 0x0000000081400000| Untracked 
|  21|0x0000000081500000, 0x0000000081600000, 0x0000000081600000|100%| O|  |TAMS 0x0000000081600000, 0x0000000081500000| Untracked 
|  22|0x0000000081600000, 0x0000000081700000, 0x0000000081700000|100%| O|  |TAMS 0x0000000081700000, 0x0000000081600000| Untracked 
|  23|0x0000000081700000, 0x0000000081800000, 0x0000000081800000|100%| O|  |TAMS 0x0000000081800000, 0x0000000081700000| Untracked 
|  24|0x0000000081800000, 0x0000000081900000, 0x0000000081900000|100%| O|  |TAMS 0x0000000081900000, 0x0000000081800000| Untracked 
|  25|0x0000000081900000, 0x0000000081a00000, 0x0000000081a00000|100%| O|  |TAMS 0x0000000081a00000, 0x0000000081900000| Untracked 
|  26|0x0000000081a00000, 0x0000000081b00000, 0x0000000081b00000|100%| O|  |TAMS 0x0000000081b00000, 0x0000000081a00000| Untracked 
|  27|0x0000000081b00000, 0x0000000081c00000, 0x0000000081c00000|100%| O|  |TAMS 0x0000000081c00000, 0x0000000081b00000| Untracked 
|  28|0x0000000081c00000, 0x0000000081d00000, 0x0000000081d00000|100%| O|  |TAMS 0x0000000081d00000, 0x0000000081c00000| Untracked 
|  29|0x0000000081d00000, 0x0000000081e00000, 0x0000000081e00000|100%| O|  |TAMS 0x0000000081e00000, 0x0000000081d00000| Untracked 
|  30|0x0000000081e00000, 0x0000000081f00000, 0x0000000081f00000|100%| O|  |TAMS 0x0000000081f00000, 0x0000000081e00000| Untracked 
|  31|0x0000000081f00000, 0x0000000082000000, 0x0000000082000000|100%| O|  |TAMS 0x0000000082000000, 0x0000000081f00000| Untracked 
|  32|0x0000000082000000, 0x0000000082100000, 0x0000000082100000|100%| O|  |TAMS 0x0000000082100000, 0x0000000082000000| Untracked 
|  33|0x0000000082100000, 0x0000000082200000, 0x0000000082200000|100%| O|  |TAMS 0x0000000082200000, 0x0000000082100000| Untracked 
|  34|0x0000000082200000, 0x0000000082300000, 0x0000000082300000|100%|HS|  |TAMS 0x0000000082300000, 0x0000000082200000| Complete 
|  35|0x0000000082300000, 0x0000000082400000, 0x0000000082400000|100%|HC|  |TAMS 0x0000000082400000, 0x0000000082300000| Complete 
|  36|0x0000000082400000, 0x0000000082500000, 0x0000000082500000|100%|HC|  |TAMS 0x0000000082500000, 0x0000000082400000| Complete 
|  37|0x0000000082500000, 0x0000000082600000, 0x0000000082600000|100%|HS|  |TAMS 0x0000000082600000, 0x0000000082500000| Complete 
|  38|0x0000000082600000, 0x0000000082700000, 0x0000000082700000|100%|HC|  |TAMS 0x0000000082700000, 0x0000000082600000| Complete 
|  39|0x0000000082700000, 0x0000000082800000, 0x0000000082800000|100%|HC|  |TAMS 0x0000000082800000, 0x0000000082700000| Complete 
|  40|0x0000000082800000, 0x0000000082900000, 0x0000000082900000|100%| O|  |TAMS 0x0000000082900000, 0x0000000082800000| Untracked 
|  41|0x0000000082900000, 0x0000000082a00000, 0x0000000082a00000|100%| O|  |TAMS 0x0000000082a00000, 0x0000000082900000| Untracked 
|  42|0x0000000082a00000, 0x0000000082b00000, 0x0000000082b00000|100%| O|  |TAMS 0x0000000082b00000, 0x0000000082a00000| Untracked 
|  43|0x0000000082b00000, 0x0000000082c00000, 0x0000000082c00000|100%| O|  |TAMS 0x0000000082c00000, 0x0000000082b00000| Untracked 
|  44|0x0000000082c00000, 0x0000000082d00000, 0x0000000082d00000|100%| O|  |TAMS 0x0000000082d00000, 0x0000000082c00000| Untracked 
|  45|0x0000000082d00000, 0x0000000082e00000, 0x0000000082e00000|100%| O|  |TAMS 0x0000000082e00000, 0x0000000082d00000| Untracked 
|  46|0x0000000082e00000, 0x0000000082f00000, 0x0000000082f00000|100%| O|  |TAMS 0x0000000082f00000, 0x0000000082e00000| Untracked 
|  47|0x0000000082f00000, 0x0000000083000000, 0x0000000083000000|100%| O|  |TAMS 0x0000000083000000, 0x0000000082f00000| Untracked 
|  48|0x0000000083000000, 0x0000000083100000, 0x0000000083100000|100%| O|  |TAMS 0x0000000083100000, 0x0000000083000000| Untracked 
|  49|0x0000000083100000, 0x0000000083200000, 0x0000000083200000|100%| O|  |TAMS 0x0000000083200000, 0x0000000083100000| Untracked 
|  50|0x0000000083200000, 0x0000000083300000, 0x0000000083300000|100%| O|  |TAMS 0x0000000083200000, 0x0000000083200000| Untracked 
|  51|0x0000000083300000, 0x0000000083400000, 0x0000000083400000|100%| O|  |TAMS 0x0000000083300000, 0x0000000083300000| Untracked 
|  52|0x0000000083400000, 0x0000000083500000, 0x0000000083500000|100%|HS|  |TAMS 0x0000000083500000, 0x0000000083400000| Complete 
|  53|0x0000000083500000, 0x0000000083600000, 0x0000000083600000|100%|HC|  |TAMS 0x0000000083600000, 0x0000000083500000| Complete 
|  54|0x0000000083600000, 0x0000000083700000, 0x0000000083700000|100%|HC|  |TAMS 0x0000000083700000, 0x0000000083600000| Complete 
|  55|0x0000000083700000, 0x0000000083800000, 0x0000000083800000|100%| O|  |TAMS 0x0000000083800000, 0x0000000083700000| Untracked 
|  56|0x0000000083800000, 0x0000000083900000, 0x0000000083900000|100%| O|  |TAMS 0x0000000083900000, 0x0000000083800000| Untracked 
|  57|0x0000000083900000, 0x0000000083a00000, 0x0000000083a00000|100%| O|  |TAMS 0x0000000083a00000, 0x0000000083900000| Untracked 
|  58|0x0000000083a00000, 0x0000000083b00000, 0x0000000083b00000|100%| O|  |TAMS 0x0000000083b00000, 0x0000000083a00000| Untracked 
|  59|0x0000000083b00000, 0x0000000083c00000, 0x0000000083c00000|100%| O|  |TAMS 0x0000000083c00000, 0x0000000083b00000| Untracked 
|  60|0x0000000083c00000, 0x0000000083d00000, 0x0000000083d00000|100%| O|  |TAMS 0x0000000083d00000, 0x0000000083c00000| Untracked 
|  61|0x0000000083d00000, 0x0000000083e00000, 0x0000000083e00000|100%| O|  |TAMS 0x0000000083e00000, 0x0000000083d00000| Untracked 
|  62|0x0000000083e00000, 0x0000000083f00000, 0x0000000083f00000|100%| O|  |TAMS 0x0000000083f00000, 0x0000000083e00000| Untracked 
|  63|0x0000000083f00000, 0x0000000084000000, 0x0000000084000000|100%| O|  |TAMS 0x0000000084000000, 0x0000000083f00000| Untracked 
|  64|0x0000000084000000, 0x0000000084100000, 0x0000000084100000|100%| O|  |TAMS 0x0000000084100000, 0x0000000084000000| Untracked 
|  65|0x0000000084100000, 0x0000000084200000, 0x0000000084200000|100%| O|  |TAMS 0x0000000084200000, 0x0000000084100000| Untracked 
|  66|0x0000000084200000, 0x0000000084300000, 0x0000000084300000|100%| O|  |TAMS 0x0000000084300000, 0x0000000084200000| Untracked 
|  67|0x0000000084300000, 0x0000000084400000, 0x0000000084400000|100%| O|  |TAMS 0x0000000084400000, 0x0000000084300000| Untracked 
|  68|0x0000000084400000, 0x0000000084500000, 0x0000000084500000|100%| O|  |TAMS 0x0000000084500000, 0x0000000084400000| Untracked 
|  69|0x0000000084500000, 0x0000000084600000, 0x0000000084600000|100%| O|  |TAMS 0x0000000084600000, 0x0000000084500000| Untracked 
|  70|0x0000000084600000, 0x0000000084700000, 0x0000000084700000|100%| O|  |TAMS 0x0000000084700000, 0x0000000084600000| Untracked 
|  71|0x0000000084700000, 0x0000000084800000, 0x0000000084800000|100%| O|  |TAMS 0x0000000084800000, 0x0000000084700000| Untracked 
|  72|0x0000000084800000, 0x0000000084900000, 0x0000000084900000|100%| O|  |TAMS 0x0000000084900000, 0x0000000084800000| Untracked 
|  73|0x0000000084900000, 0x0000000084a00000, 0x0000000084a00000|100%| O|  |TAMS 0x0000000084a00000, 0x0000000084900000| Untracked 
|  74|0x0000000084a00000, 0x0000000084b00000, 0x0000000084b00000|100%|HS|  |TAMS 0x0000000084a00000, 0x0000000084a00000| Complete 
|  75|0x0000000084b00000, 0x0000000084c00000, 0x0000000084c00000|100%|HS|  |TAMS 0x0000000084b00000, 0x0000000084b00000| Complete 
|  76|0x0000000084c00000, 0x0000000084d00000, 0x0000000084d00000|100%| O|  |TAMS 0x0000000084d00000, 0x0000000084c00000| Untracked 
|  77|0x0000000084d00000, 0x0000000084e00000, 0x0000000084e00000|100%| O|  |TAMS 0x0000000084e00000, 0x0000000084d00000| Untracked 
|  78|0x0000000084e00000, 0x0000000084f00000, 0x0000000084f00000|100%| O|  |TAMS 0x0000000084f00000, 0x0000000084e00000| Untracked 
|  79|0x0000000084f00000, 0x0000000085000000, 0x0000000085000000|100%| O|  |TAMS 0x0000000085000000, 0x0000000084f00000| Untracked 
|  80|0x0000000085000000, 0x0000000085100000, 0x0000000085100000|100%| O|  |TAMS 0x0000000085100000, 0x0000000085000000| Untracked 
|  81|0x0000000085100000, 0x0000000085200000, 0x0000000085200000|100%| O|  |TAMS 0x0000000085200000, 0x0000000085100000| Untracked 
|  82|0x0000000085200000, 0x0000000085300000, 0x0000000085300000|100%| O|  |TAMS 0x0000000085300000, 0x0000000085200000| Untracked 
|  83|0x0000000085300000, 0x0000000085400000, 0x0000000085400000|100%| O|  |TAMS 0x0000000085400000, 0x0000000085300000| Untracked 
|  84|0x0000000085400000, 0x0000000085500000, 0x0000000085500000|100%| O|  |TAMS 0x0000000085500000, 0x0000000085400000| Untracked 
|  85|0x0000000085500000, 0x0000000085600000, 0x0000000085600000|100%| O|  |TAMS 0x0000000085600000, 0x0000000085500000| Untracked 
|  86|0x0000000085600000, 0x0000000085700000, 0x0000000085700000|100%| O|  |TAMS 0x0000000085700000, 0x0000000085600000| Untracked 
|  87|0x0000000085700000, 0x0000000085800000, 0x0000000085800000|100%| O|  |TAMS 0x0000000085800000, 0x0000000085700000| Untracked 
|  88|0x0000000085800000, 0x0000000085900000, 0x0000000085900000|100%| O|  |TAMS 0x0000000085900000, 0x0000000085800000| Untracked 
|  89|0x0000000085900000, 0x0000000085a00000, 0x0000000085a00000|100%| O|  |TAMS 0x0000000085a00000, 0x0000000085900000| Untracked 
|  90|0x0000000085a00000, 0x0000000085b00000, 0x0000000085b00000|100%| O|  |TAMS 0x0000000085b00000, 0x0000000085a00000| Untracked 
|  91|0x0000000085b00000, 0x0000000085c00000, 0x0000000085c00000|100%| O|  |TAMS 0x0000000085c00000, 0x0000000085b00000| Untracked 
|  92|0x0000000085c00000, 0x0000000085d00000, 0x0000000085d00000|100%| O|  |TAMS 0x0000000085d00000, 0x0000000085c00000| Untracked 
|  93|0x0000000085d00000, 0x0000000085e00000, 0x0000000085e00000|100%| O|  |TAMS 0x0000000085e00000, 0x0000000085d00000| Untracked 
|  94|0x0000000085e00000, 0x0000000085f00000, 0x0000000085f00000|100%| O|  |TAMS 0x0000000085f00000, 0x0000000085e00000| Untracked 
|  95|0x0000000085f00000, 0x0000000086000000, 0x0000000086000000|100%| O|  |TAMS 0x0000000086000000, 0x0000000085f00000| Untracked 
|  96|0x0000000086000000, 0x0000000086100000, 0x0000000086100000|100%| O|  |TAMS 0x0000000086100000, 0x0000000086000000| Untracked 
|  97|0x0000000086100000, 0x0000000086200000, 0x0000000086200000|100%| O|  |TAMS 0x0000000086200000, 0x0000000086100000| Untracked 
|  98|0x0000000086200000, 0x0000000086300000, 0x0000000086300000|100%| O|  |TAMS 0x0000000086300000, 0x0000000086200000| Untracked 
|  99|0x0000000086300000, 0x0000000086400000, 0x0000000086400000|100%| O|  |TAMS 0x0000000086400000, 0x0000000086300000| Untracked 
| 100|0x0000000086400000, 0x0000000086500000, 0x0000000086500000|100%| O|  |TAMS 0x0000000086500000, 0x0000000086400000| Untracked 
| 101|0x0000000086500000, 0x0000000086600000, 0x0000000086600000|100%| O|  |TAMS 0x0000000086600000, 0x0000000086500000| Untracked 
| 102|0x0000000086600000, 0x0000000086700000, 0x0000000086700000|100%| O|  |TAMS 0x0000000086700000, 0x0000000086600000| Untracked 
| 103|0x0000000086700000, 0x0000000086800000, 0x0000000086800000|100%| O|  |TAMS 0x0000000086800000, 0x0000000086700000| Untracked 
| 104|0x0000000086800000, 0x0000000086900000, 0x0000000086900000|100%| O|  |TAMS 0x0000000086900000, 0x0000000086800000| Untracked 
| 105|0x0000000086900000, 0x0000000086a00000, 0x0000000086a00000|100%| O|  |TAMS 0x0000000086a00000, 0x0000000086900000| Untracked 
| 106|0x0000000086a00000, 0x0000000086b00000, 0x0000000086b00000|100%|HS|  |TAMS 0x0000000086a00000, 0x0000000086a00000| Complete 
| 107|0x0000000086b00000, 0x0000000086c00000, 0x0000000086c00000|100%| O|  |TAMS 0x0000000086c00000, 0x0000000086b00000| Untracked 
| 108|0x0000000086c00000, 0x0000000086d00000, 0x0000000086d00000|100%| O|  |TAMS 0x0000000086d00000, 0x0000000086c00000| Untracked 
| 109|0x0000000086d00000, 0x0000000086e00000, 0x0000000086e00000|100%| O|  |TAMS 0x0000000086e00000, 0x0000000086d00000| Untracked 
| 110|0x0000000086e00000, 0x0000000086f00000, 0x0000000086f00000|100%| O|  |TAMS 0x0000000086f00000, 0x0000000086e00000| Untracked 
| 111|0x0000000086f00000, 0x0000000087000000, 0x0000000087000000|100%| O|  |TAMS 0x0000000087000000, 0x0000000086f00000| Untracked 
| 112|0x0000000087000000, 0x0000000087100000, 0x0000000087100000|100%| O|  |TAMS 0x0000000087100000, 0x0000000087000000| Untracked 
| 113|0x0000000087100000, 0x0000000087200000, 0x0000000087200000|100%| O|  |TAMS 0x0000000087200000, 0x0000000087100000| Untracked 
| 114|0x0000000087200000, 0x0000000087300000, 0x0000000087300000|100%| O|  |TAMS 0x0000000087300000, 0x0000000087200000| Untracked 
| 115|0x0000000087300000, 0x0000000087400000, 0x0000000087400000|100%| O|  |TAMS 0x0000000087400000, 0x0000000087300000| Untracked 
| 116|0x0000000087400000, 0x0000000087500000, 0x0000000087500000|100%| O|  |TAMS 0x0000000087500000, 0x0000000087400000| Untracked 
| 117|0x0000000087500000, 0x0000000087600000, 0x0000000087600000|100%| O|  |TAMS 0x0000000087600000, 0x0000000087500000| Untracked 
| 118|0x0000000087600000, 0x0000000087700000, 0x0000000087700000|100%| O|  |TAMS 0x0000000087700000, 0x0000000087600000| Untracked 
| 119|0x0000000087700000, 0x0000000087800000, 0x0000000087800000|100%| O|  |TAMS 0x0000000087800000, 0x0000000087700000| Untracked 
| 120|0x0000000087800000, 0x0000000087900000, 0x0000000087900000|100%|HS|  |TAMS 0x0000000087800000, 0x0000000087800000| Complete 
| 121|0x0000000087900000, 0x0000000087a00000, 0x0000000087a00000|100%| O|  |TAMS 0x0000000087a00000, 0x0000000087900000| Untracked 
| 122|0x0000000087a00000, 0x0000000087b00000, 0x0000000087b00000|100%| O|  |TAMS 0x0000000087b00000, 0x0000000087a00000| Untracked 
| 123|0x0000000087b00000, 0x0000000087c00000, 0x0000000087c00000|100%| O|  |TAMS 0x0000000087c00000, 0x0000000087b00000| Untracked 
| 124|0x0000000087c00000, 0x0000000087d00000, 0x0000000087d00000|100%| O|  |TAMS 0x0000000087d00000, 0x0000000087c00000| Untracked 
| 125|0x0000000087d00000, 0x0000000087e00000, 0x0000000087e00000|100%| O|  |TAMS 0x0000000087e00000, 0x0000000087d00000| Untracked 
| 126|0x0000000087e00000, 0x0000000087f00000, 0x0000000087f00000|100%| O|  |TAMS 0x0000000087f00000, 0x0000000087e00000| Untracked 
| 127|0x0000000087f00000, 0x0000000088000000, 0x0000000088000000|100%| O|  |TAMS 0x0000000088000000, 0x0000000087f00000| Untracked 
| 128|0x0000000088000000, 0x0000000088100000, 0x0000000088100000|100%|HS|  |TAMS 0x0000000088000000, 0x0000000088000000| Complete 
| 129|0x0000000088100000, 0x0000000088200000, 0x0000000088200000|100%| O|  |TAMS 0x0000000088100000, 0x0000000088100000| Untracked 
| 130|0x0000000088200000, 0x0000000088300000, 0x0000000088300000|100%| O|  |TAMS 0x0000000088200000, 0x0000000088200000| Untracked 
| 131|0x0000000088300000, 0x0000000088400000, 0x0000000088400000|100%| O|  |TAMS 0x0000000088300000, 0x0000000088300000| Untracked 
| 132|0x0000000088400000, 0x0000000088500000, 0x0000000088500000|100%| O|  |TAMS 0x0000000088400000, 0x0000000088400000| Untracked 
| 133|0x0000000088500000, 0x0000000088600000, 0x0000000088600000|100%| O|  |TAMS 0x0000000088500000, 0x0000000088500000| Untracked 
| 134|0x0000000088600000, 0x0000000088700000, 0x0000000088700000|100%| O|  |TAMS 0x0000000088600000, 0x0000000088600000| Untracked 
| 135|0x0000000088700000, 0x0000000088800000, 0x0000000088800000|100%| O|  |TAMS 0x0000000088700000, 0x0000000088700000| Untracked 
| 136|0x0000000088800000, 0x0000000088900000, 0x0000000088900000|100%| O|  |TAMS 0x0000000088800000, 0x0000000088800000| Untracked 
| 137|0x0000000088900000, 0x0000000088a00000, 0x0000000088a00000|100%| O|  |TAMS 0x0000000088900000, 0x0000000088900000| Untracked 
| 138|0x0000000088a00000, 0x0000000088b00000, 0x0000000088b00000|100%| O|  |TAMS 0x0000000088a00000, 0x0000000088a00000| Untracked 
| 139|0x0000000088b00000, 0x0000000088c00000, 0x0000000088c00000|100%| O|  |TAMS 0x0000000088b00000, 0x0000000088b00000| Untracked 
| 140|0x0000000088c00000, 0x0000000088d00000, 0x0000000088d00000|100%| O|  |TAMS 0x0000000088c00000, 0x0000000088c00000| Untracked 
| 141|0x0000000088d00000, 0x0000000088e00000, 0x0000000088e00000|100%| O|  |TAMS 0x0000000088d00000, 0x0000000088d00000| Untracked 
| 142|0x0000000088e00000, 0x0000000088f00000, 0x0000000088f00000|100%| O|  |TAMS 0x0000000088e00000, 0x0000000088e00000| Untracked 
| 143|0x0000000088f00000, 0x0000000089000000, 0x0000000089000000|100%| O|  |TAMS 0x0000000088f00000, 0x0000000088f00000| Untracked 
| 144|0x0000000089000000, 0x0000000089100000, 0x0000000089100000|100%| O|  |TAMS 0x0000000089000000, 0x0000000089000000| Untracked 
| 145|0x0000000089100000, 0x0000000089200000, 0x0000000089200000|100%| O|  |TAMS 0x0000000089100000, 0x0000000089100000| Untracked 
| 146|0x0000000089200000, 0x0000000089300000, 0x0000000089300000|100%|HS|  |TAMS 0x0000000089200000, 0x0000000089200000| Complete 
| 147|0x0000000089300000, 0x0000000089400000, 0x0000000089400000|100%|HS|  |TAMS 0x0000000089300000, 0x0000000089300000| Complete 
| 148|0x0000000089400000, 0x0000000089500000, 0x0000000089500000|100%| O|  |TAMS 0x0000000089400000, 0x0000000089400000| Untracked 
| 149|0x0000000089500000, 0x0000000089600000, 0x0000000089600000|100%| O|  |TAMS 0x0000000089500000, 0x0000000089500000| Untracked 
| 150|0x0000000089600000, 0x0000000089700000, 0x0000000089700000|100%| O|  |TAMS 0x0000000089600000, 0x0000000089600000| Untracked 
| 151|0x0000000089700000, 0x0000000089800000, 0x0000000089800000|100%|HS|  |TAMS 0x0000000089700000, 0x0000000089700000| Complete 
| 152|0x0000000089800000, 0x0000000089900000, 0x0000000089900000|100%|HS|  |TAMS 0x0000000089800000, 0x0000000089800000| Complete 
| 153|0x0000000089900000, 0x0000000089a00000, 0x0000000089a00000|100%|HC|  |TAMS 0x0000000089900000, 0x0000000089900000| Complete 
| 154|0x0000000089a00000, 0x0000000089b00000, 0x0000000089b00000|100%|HC|  |TAMS 0x0000000089a00000, 0x0000000089a00000| Complete 
| 155|0x0000000089b00000, 0x0000000089c00000, 0x0000000089c00000|100%| O|  |TAMS 0x0000000089b00000, 0x0000000089b00000| Untracked 
| 156|0x0000000089c00000, 0x0000000089d00000, 0x0000000089d00000|100%| O|  |TAMS 0x0000000089c00000, 0x0000000089c00000| Untracked 
| 157|0x0000000089d00000, 0x0000000089e00000, 0x0000000089e00000|100%| O|  |TAMS 0x0000000089d00000, 0x0000000089d00000| Untracked 
| 158|0x0000000089e00000, 0x0000000089f00000, 0x0000000089f00000|100%| O|  |TAMS 0x0000000089e00000, 0x0000000089e00000| Untracked 
| 159|0x0000000089f00000, 0x000000008a000000, 0x000000008a000000|100%| O|  |TAMS 0x0000000089f00000, 0x0000000089f00000| Untracked 
| 160|0x000000008a000000, 0x000000008a100000, 0x000000008a100000|100%| O|  |TAMS 0x000000008a000000, 0x000000008a000000| Untracked 
| 161|0x000000008a100000, 0x000000008a200000, 0x000000008a200000|100%| O|  |TAMS 0x000000008a100000, 0x000000008a100000| Untracked 
| 162|0x000000008a200000, 0x000000008a300000, 0x000000008a300000|100%| O|  |TAMS 0x000000008a200000, 0x000000008a200000| Untracked 
| 163|0x000000008a300000, 0x000000008a400000, 0x000000008a400000|100%| O|  |TAMS 0x000000008a300000, 0x000000008a300000| Untracked 
| 164|0x000000008a400000, 0x000000008a500000, 0x000000008a500000|100%| O|  |TAMS 0x000000008a400000, 0x000000008a400000| Untracked 
| 165|0x000000008a500000, 0x000000008a600000, 0x000000008a600000|100%| O|  |TAMS 0x000000008a500000, 0x000000008a500000| Untracked 
| 166|0x000000008a600000, 0x000000008a700000, 0x000000008a700000|100%| O|  |TAMS 0x000000008a600000, 0x000000008a600000| Untracked 
| 167|0x000000008a700000, 0x000000008a800000, 0x000000008a800000|100%| O|  |TAMS 0x000000008a700000, 0x000000008a700000| Untracked 
| 168|0x000000008a800000, 0x000000008a900000, 0x000000008a900000|100%| O|  |TAMS 0x000000008a800000, 0x000000008a800000| Untracked 
| 169|0x000000008a900000, 0x000000008aa00000, 0x000000008aa00000|100%| O|  |TAMS 0x000000008a900000, 0x000000008a900000| Untracked 
| 170|0x000000008aa00000, 0x000000008ab00000, 0x000000008ab00000|100%| O|  |TAMS 0x000000008aa00000, 0x000000008aa00000| Untracked 
| 171|0x000000008ab00000, 0x000000008ac00000, 0x000000008ac00000|100%| O|  |TAMS 0x000000008ab00000, 0x000000008ab00000| Untracked 
| 172|0x000000008ac00000, 0x000000008ad00000, 0x000000008ad00000|100%| O|  |TAMS 0x000000008ac00000, 0x000000008ac00000| Untracked 
| 173|0x000000008ad00000, 0x000000008ae00000, 0x000000008ae00000|100%| O|  |TAMS 0x000000008ad00000, 0x000000008ad00000| Untracked 
| 174|0x000000008ae00000, 0x000000008af00000, 0x000000008af00000|100%| O|  |TAMS 0x000000008ae00000, 0x000000008ae00000| Untracked 
| 175|0x000000008af00000, 0x000000008b000000, 0x000000008b000000|100%| O|  |TAMS 0x000000008af00000, 0x000000008af00000| Untracked 
| 176|0x000000008b000000, 0x000000008b100000, 0x000000008b100000|100%| O|  |TAMS 0x000000008b000000, 0x000000008b000000| Untracked 
| 177|0x000000008b100000, 0x000000008b200000, 0x000000008b200000|100%| O|  |TAMS 0x000000008b100000, 0x000000008b100000| Untracked 
| 178|0x000000008b200000, 0x000000008b300000, 0x000000008b300000|100%| O|  |TAMS 0x000000008b200000, 0x000000008b200000| Untracked 
| 179|0x000000008b300000, 0x000000008b400000, 0x000000008b400000|100%| O|  |TAMS 0x000000008b300000, 0x000000008b300000| Untracked 
| 180|0x000000008b400000, 0x000000008b500000, 0x000000008b500000|100%| O|  |TAMS 0x000000008b400000, 0x000000008b400000| Untracked 
| 181|0x000000008b500000, 0x000000008b600000, 0x000000008b600000|100%| O|  |TAMS 0x000000008b500000, 0x000000008b500000| Untracked 
| 182|0x000000008b600000, 0x000000008b700000, 0x000000008b700000|100%|HS|  |TAMS 0x000000008b600000, 0x000000008b600000| Complete 
| 183|0x000000008b700000, 0x000000008b800000, 0x000000008b800000|100%|HS|  |TAMS 0x000000008b700000, 0x000000008b700000| Complete 
| 184|0x000000008b800000, 0x000000008b900000, 0x000000008b900000|100%|HS|  |TAMS 0x000000008b800000, 0x000000008b800000| Complete 
| 185|0x000000008b900000, 0x000000008ba00000, 0x000000008ba00000|100%| O|  |TAMS 0x000000008b900000, 0x000000008b900000| Untracked 
| 186|0x000000008ba00000, 0x000000008bb00000, 0x000000008bb00000|100%| O|  |TAMS 0x000000008ba00000, 0x000000008ba00000| Untracked 
| 187|0x000000008bb00000, 0x000000008bc00000, 0x000000008bc00000|100%| O|  |TAMS 0x000000008bb00000, 0x000000008bb00000| Untracked 
| 188|0x000000008bc00000, 0x000000008bd00000, 0x000000008bd00000|100%| O|  |TAMS 0x000000008bc00000, 0x000000008bc00000| Untracked 
| 189|0x000000008bd00000, 0x000000008be00000, 0x000000008be00000|100%| O|  |TAMS 0x000000008bd00000, 0x000000008bd00000| Untracked 
| 190|0x000000008be00000, 0x000000008bf00000, 0x000000008bf00000|100%| O|  |TAMS 0x000000008be00000, 0x000000008be00000| Untracked 
| 191|0x000000008bf00000, 0x000000008c000000, 0x000000008c000000|100%| O|  |TAMS 0x000000008bf00000, 0x000000008bf00000| Untracked 
| 192|0x000000008c000000, 0x000000008c100000, 0x000000008c100000|100%| O|  |TAMS 0x000000008c000000, 0x000000008c000000| Untracked 
| 193|0x000000008c100000, 0x000000008c200000, 0x000000008c200000|100%| O|  |TAMS 0x000000008c100000, 0x000000008c100000| Untracked 
| 194|0x000000008c200000, 0x000000008c300000, 0x000000008c300000|100%| O|  |TAMS 0x000000008c200000, 0x000000008c200000| Untracked 
| 195|0x000000008c300000, 0x000000008c400000, 0x000000008c400000|100%| O|  |TAMS 0x000000008c300000, 0x000000008c300000| Untracked 
| 196|0x000000008c400000, 0x000000008c500000, 0x000000008c500000|100%| O|  |TAMS 0x000000008c400000, 0x000000008c400000| Untracked 
| 197|0x000000008c500000, 0x000000008c600000, 0x000000008c600000|100%| O|  |TAMS 0x000000008c500000, 0x000000008c500000| Untracked 
| 198|0x000000008c600000, 0x000000008c700000, 0x000000008c700000|100%| O|  |TAMS 0x000000008c600000, 0x000000008c600000| Untracked 
| 199|0x000000008c700000, 0x000000008c800000, 0x000000008c800000|100%| O|  |TAMS 0x000000008c700000, 0x000000008c700000| Untracked 
| 200|0x000000008c800000, 0x000000008c900000, 0x000000008c900000|100%| O|  |TAMS 0x000000008c800000, 0x000000008c800000| Untracked 
| 201|0x000000008c900000, 0x000000008ca00000, 0x000000008ca00000|100%| O|  |TAMS 0x000000008c900000, 0x000000008c900000| Untracked 
| 202|0x000000008ca00000, 0x000000008cb00000, 0x000000008cb00000|100%|HS|  |TAMS 0x000000008ca00000, 0x000000008ca00000| Complete 
| 203|0x000000008cb00000, 0x000000008cc00000, 0x000000008cc00000|100%|HS|  |TAMS 0x000000008cb00000, 0x000000008cb00000| Complete 
| 204|0x000000008cc00000, 0x000000008cd00000, 0x000000008cd00000|100%|HS|  |TAMS 0x000000008cc00000, 0x000000008cc00000| Complete 
| 205|0x000000008cd00000, 0x000000008ce00000, 0x000000008ce00000|100%| O|  |TAMS 0x000000008cd00000, 0x000000008cd00000| Untracked 
| 206|0x000000008ce00000, 0x000000008cf00000, 0x000000008cf00000|100%| O|  |TAMS 0x000000008ce00000, 0x000000008ce00000| Untracked 
| 207|0x000000008cf00000, 0x000000008d000000, 0x000000008d000000|100%| O|  |TAMS 0x000000008cf00000, 0x000000008cf00000| Untracked 
| 208|0x000000008d000000, 0x000000008d100000, 0x000000008d100000|100%| O|  |TAMS 0x000000008d000000, 0x000000008d000000| Untracked 
| 209|0x000000008d100000, 0x000000008d200000, 0x000000008d200000|100%| O|  |TAMS 0x000000008d100000, 0x000000008d100000| Untracked 
| 210|0x000000008d200000, 0x000000008d300000, 0x000000008d300000|100%| O|  |TAMS 0x000000008d200000, 0x000000008d200000| Untracked 
| 211|0x000000008d300000, 0x000000008d400000, 0x000000008d400000|100%| O|  |TAMS 0x000000008d300000, 0x000000008d300000| Untracked 
| 212|0x000000008d400000, 0x000000008d500000, 0x000000008d500000|100%| O|  |TAMS 0x000000008d400000, 0x000000008d400000| Untracked 
| 213|0x000000008d500000, 0x000000008d600000, 0x000000008d600000|100%| O|  |TAMS 0x000000008d500000, 0x000000008d500000| Untracked 
| 214|0x000000008d600000, 0x000000008d700000, 0x000000008d700000|100%| O|  |TAMS 0x000000008d600000, 0x000000008d600000| Untracked 
| 215|0x000000008d700000, 0x000000008d800000, 0x000000008d800000|100%| O|  |TAMS 0x000000008d700000, 0x000000008d700000| Untracked 
| 216|0x000000008d800000, 0x000000008d900000, 0x000000008d900000|100%| O|  |TAMS 0x000000008d800000, 0x000000008d800000| Untracked 
| 217|0x000000008d900000, 0x000000008da00000, 0x000000008da00000|100%| O|  |TAMS 0x000000008d900000, 0x000000008d900000| Untracked 
| 218|0x000000008da00000, 0x000000008db00000, 0x000000008db00000|100%| O|  |TAMS 0x000000008da00000, 0x000000008da00000| Untracked 
| 219|0x000000008db00000, 0x000000008dc00000, 0x000000008dc00000|100%| O|  |TAMS 0x000000008db00000, 0x000000008db00000| Untracked 
| 220|0x000000008dc00000, 0x000000008dd00000, 0x000000008dd00000|100%| O|  |TAMS 0x000000008dc00000, 0x000000008dc00000| Untracked 
| 221|0x000000008dd00000, 0x000000008de00000, 0x000000008de00000|100%| O|  |TAMS 0x000000008dd00000, 0x000000008dd00000| Untracked 
| 222|0x000000008de00000, 0x000000008df00000, 0x000000008df00000|100%| O|  |TAMS 0x000000008de00000, 0x000000008de00000| Untracked 
| 223|0x000000008df00000, 0x000000008e000000, 0x000000008e000000|100%| O|  |TAMS 0x000000008df00000, 0x000000008df00000| Untracked 
| 224|0x000000008e000000, 0x000000008e100000, 0x000000008e100000|100%| O|  |TAMS 0x000000008e000000, 0x000000008e000000| Untracked 
| 225|0x000000008e100000, 0x000000008e200000, 0x000000008e200000|100%| O|  |TAMS 0x000000008e100000, 0x000000008e100000| Untracked 
| 226|0x000000008e200000, 0x000000008e300000, 0x000000008e300000|100%| O|  |TAMS 0x000000008e200000, 0x000000008e200000| Untracked 
| 227|0x000000008e300000, 0x000000008e400000, 0x000000008e400000|100%| O|  |TAMS 0x000000008e300000, 0x000000008e300000| Untracked 
| 228|0x000000008e400000, 0x000000008e500000, 0x000000008e500000|100%| O|  |TAMS 0x000000008e400000, 0x000000008e400000| Untracked 
| 229|0x000000008e500000, 0x000000008e600000, 0x000000008e600000|100%| O|  |TAMS 0x000000008e500000, 0x000000008e500000| Untracked 
| 230|0x000000008e600000, 0x000000008e700000, 0x000000008e700000|100%|HS|  |TAMS 0x000000008e600000, 0x000000008e600000| Complete 
| 231|0x000000008e700000, 0x000000008e800000, 0x000000008e800000|100%|HS|  |TAMS 0x000000008e700000, 0x000000008e700000| Complete 
| 232|0x000000008e800000, 0x000000008e800000, 0x000000008e900000|  0%| F|  |TAMS 0x000000008e800000, 0x000000008e800000| Untracked 
| 233|0x000000008e900000, 0x000000008ea00000, 0x000000008ea00000|100%|HS|  |TAMS 0x000000008e900000, 0x000000008e900000| Complete 
| 234|0x000000008ea00000, 0x000000008eb00000, 0x000000008eb00000|100%|HC|  |TAMS 0x000000008ea00000, 0x000000008ea00000| Complete 
| 235|0x000000008eb00000, 0x000000008ec00000, 0x000000008ec00000|100%| O|  |TAMS 0x000000008eb00000, 0x000000008eb00000| Untracked 
| 236|0x000000008ec00000, 0x000000008ed00000, 0x000000008ed00000|100%| O|  |TAMS 0x000000008ec00000, 0x000000008ec00000| Untracked 
| 237|0x000000008ed00000, 0x000000008ee00000, 0x000000008ee00000|100%| O|  |TAMS 0x000000008ed00000, 0x000000008ed00000| Untracked 
| 238|0x000000008ee00000, 0x000000008ef00000, 0x000000008ef00000|100%| O|  |TAMS 0x000000008ee00000, 0x000000008ee00000| Untracked 
| 239|0x000000008ef00000, 0x000000008f000000, 0x000000008f000000|100%| O|  |TAMS 0x000000008ef00000, 0x000000008ef00000| Untracked 
| 240|0x000000008f000000, 0x000000008f100000, 0x000000008f100000|100%| O|  |TAMS 0x000000008f000000, 0x000000008f000000| Untracked 
| 241|0x000000008f100000, 0x000000008f200000, 0x000000008f200000|100%| O|  |TAMS 0x000000008f100000, 0x000000008f100000| Untracked 
| 242|0x000000008f200000, 0x000000008f300000, 0x000000008f300000|100%| O|  |TAMS 0x000000008f200000, 0x000000008f200000| Untracked 
| 243|0x000000008f300000, 0x000000008f400000, 0x000000008f400000|100%| O|  |TAMS 0x000000008f300000, 0x000000008f300000| Untracked 
| 244|0x000000008f400000, 0x000000008f500000, 0x000000008f500000|100%| O|  |TAMS 0x000000008f400000, 0x000000008f400000| Untracked 
| 245|0x000000008f500000, 0x000000008f600000, 0x000000008f600000|100%| O|  |TAMS 0x000000008f500000, 0x000000008f500000| Untracked 
| 246|0x000000008f600000, 0x000000008f700000, 0x000000008f700000|100%| O|  |TAMS 0x000000008f600000, 0x000000008f600000| Untracked 
| 247|0x000000008f700000, 0x000000008f800000, 0x000000008f800000|100%| O|  |TAMS 0x000000008f700000, 0x000000008f700000| Untracked 
| 248|0x000000008f800000, 0x000000008f8f2600, 0x000000008f900000| 94%| O|  |TAMS 0x000000008f800000, 0x000000008f800000| Untracked 
| 249|0x000000008f900000, 0x000000008f900000, 0x000000008fa00000|  0%| F|  |TAMS 0x000000008f900000, 0x000000008f900000| Untracked 
| 250|0x000000008fa00000, 0x000000008fa00000, 0x000000008fb00000|  0%| F|  |TAMS 0x000000008fa00000, 0x000000008fa00000| Untracked 
| 251|0x000000008fb00000, 0x000000008fb00000, 0x000000008fc00000|  0%| F|  |TAMS 0x000000008fb00000, 0x000000008fb00000| Untracked 
| 252|0x000000008fc00000, 0x000000008fc00000, 0x000000008fd00000|  0%| F|  |TAMS 0x000000008fc00000, 0x000000008fc00000| Untracked 
| 253|0x000000008fd00000, 0x000000008fd00000, 0x000000008fe00000|  0%| F|  |TAMS 0x000000008fd00000, 0x000000008fd00000| Untracked 
| 254|0x000000008fe00000, 0x000000008fe00000, 0x000000008ff00000|  0%| F|  |TAMS 0x000000008fe00000, 0x000000008fe00000| Untracked 
| 255|0x000000008ff00000, 0x000000008ff00000, 0x0000000090000000|  0%| F|  |TAMS 0x000000008ff00000, 0x000000008ff00000| Untracked 
| 256|0x0000000090000000, 0x0000000090000000, 0x0000000090100000|  0%| F|  |TAMS 0x0000000090000000, 0x0000000090000000| Untracked 
| 257|0x0000000090100000, 0x0000000090100000, 0x0000000090200000|  0%| F|  |TAMS 0x0000000090100000, 0x0000000090100000| Untracked 
| 258|0x0000000090200000, 0x0000000090200000, 0x0000000090300000|  0%| F|  |TAMS 0x0000000090200000, 0x0000000090200000| Untracked 
| 259|0x0000000090300000, 0x0000000090300000, 0x0000000090400000|  0%| F|  |TAMS 0x0000000090300000, 0x0000000090300000| Untracked 
| 260|0x0000000090400000, 0x0000000090400000, 0x0000000090500000|  0%| F|  |TAMS 0x0000000090400000, 0x0000000090400000| Untracked 
| 261|0x0000000090500000, 0x0000000090500000, 0x0000000090600000|  0%| F|  |TAMS 0x0000000090500000, 0x0000000090500000| Untracked 
| 262|0x0000000090600000, 0x0000000090600000, 0x0000000090700000|  0%| F|  |TAMS 0x0000000090600000, 0x0000000090600000| Untracked 
| 263|0x0000000090700000, 0x0000000090700000, 0x0000000090800000|  0%| F|  |TAMS 0x0000000090700000, 0x0000000090700000| Untracked 
| 264|0x0000000090800000, 0x0000000090800000, 0x0000000090900000|  0%| F|  |TAMS 0x0000000090800000, 0x0000000090800000| Untracked 
| 265|0x0000000090900000, 0x0000000090900000, 0x0000000090a00000|  0%| F|  |TAMS 0x0000000090900000, 0x0000000090900000| Untracked 
| 266|0x0000000090a00000, 0x0000000090a00000, 0x0000000090b00000|  0%| F|  |TAMS 0x0000000090a00000, 0x0000000090a00000| Untracked 
| 267|0x0000000090b00000, 0x0000000090b00000, 0x0000000090c00000|  0%| F|  |TAMS 0x0000000090b00000, 0x0000000090b00000| Untracked 
| 268|0x0000000090c00000, 0x0000000090c00000, 0x0000000090d00000|  0%| F|  |TAMS 0x0000000090c00000, 0x0000000090c00000| Untracked 
| 269|0x0000000090d00000, 0x0000000090d00000, 0x0000000090e00000|  0%| F|  |TAMS 0x0000000090d00000, 0x0000000090d00000| Untracked 
| 270|0x0000000090e00000, 0x0000000090e00000, 0x0000000090f00000|  0%| F|  |TAMS 0x0000000090e00000, 0x0000000090e00000| Untracked 
| 271|0x0000000090f00000, 0x0000000090f00000, 0x0000000091000000|  0%| F|  |TAMS 0x0000000090f00000, 0x0000000090f00000| Untracked 
| 272|0x0000000091000000, 0x0000000091000000, 0x0000000091100000|  0%| F|  |TAMS 0x0000000091000000, 0x0000000091000000| Untracked 
| 273|0x0000000091100000, 0x0000000091100000, 0x0000000091200000|  0%| F|  |TAMS 0x0000000091100000, 0x0000000091100000| Untracked 
| 274|0x0000000091200000, 0x0000000091200000, 0x0000000091300000|  0%| F|  |TAMS 0x0000000091200000, 0x0000000091200000| Untracked 
| 275|0x0000000091300000, 0x0000000091300000, 0x0000000091400000|  0%| F|  |TAMS 0x0000000091300000, 0x0000000091300000| Untracked 
| 276|0x0000000091400000, 0x0000000091400000, 0x0000000091500000|  0%| F|  |TAMS 0x0000000091400000, 0x0000000091400000| Untracked 
| 277|0x0000000091500000, 0x0000000091500000, 0x0000000091600000|  0%| F|  |TAMS 0x0000000091500000, 0x0000000091500000| Untracked 
| 278|0x0000000091600000, 0x0000000091600000, 0x0000000091700000|  0%| F|  |TAMS 0x0000000091600000, 0x0000000091600000| Untracked 
| 279|0x0000000091700000, 0x0000000091700000, 0x0000000091800000|  0%| F|  |TAMS 0x0000000091700000, 0x0000000091700000| Untracked 
| 280|0x0000000091800000, 0x0000000091800000, 0x0000000091900000|  0%| F|  |TAMS 0x0000000091800000, 0x0000000091800000| Untracked 
| 281|0x0000000091900000, 0x0000000091900000, 0x0000000091a00000|  0%| F|  |TAMS 0x0000000091900000, 0x0000000091900000| Untracked 
| 282|0x0000000091a00000, 0x0000000091a00000, 0x0000000091b00000|  0%| F|  |TAMS 0x0000000091a00000, 0x0000000091a00000| Untracked 
| 283|0x0000000091b00000, 0x0000000091b00000, 0x0000000091c00000|  0%| F|  |TAMS 0x0000000091b00000, 0x0000000091b00000| Untracked 
| 284|0x0000000091c00000, 0x0000000091c00000, 0x0000000091d00000|  0%| F|  |TAMS 0x0000000091c00000, 0x0000000091c00000| Untracked 
| 285|0x0000000091d00000, 0x0000000091d00000, 0x0000000091e00000|  0%| F|  |TAMS 0x0000000091d00000, 0x0000000091d00000| Untracked 
| 286|0x0000000091e00000, 0x0000000091e00000, 0x0000000091f00000|  0%| F|  |TAMS 0x0000000091e00000, 0x0000000091e00000| Untracked 
| 287|0x0000000091f00000, 0x0000000091f00000, 0x0000000092000000|  0%| F|  |TAMS 0x0000000091f00000, 0x0000000091f00000| Untracked 
| 288|0x0000000092000000, 0x0000000092000000, 0x0000000092100000|  0%| F|  |TAMS 0x0000000092000000, 0x0000000092000000| Untracked 
| 289|0x0000000092100000, 0x0000000092100000, 0x0000000092200000|  0%| F|  |TAMS 0x0000000092100000, 0x0000000092100000| Untracked 
| 290|0x0000000092200000, 0x0000000092200000, 0x0000000092300000|  0%| F|  |TAMS 0x0000000092200000, 0x0000000092200000| Untracked 
| 291|0x0000000092300000, 0x0000000092300000, 0x0000000092400000|  0%| F|  |TAMS 0x0000000092300000, 0x0000000092300000| Untracked 
| 292|0x0000000092400000, 0x0000000092400000, 0x0000000092500000|  0%| F|  |TAMS 0x0000000092400000, 0x0000000092400000| Untracked 
| 293|0x0000000092500000, 0x0000000092500000, 0x0000000092600000|  0%| F|  |TAMS 0x0000000092500000, 0x0000000092500000| Untracked 
| 294|0x0000000092600000, 0x0000000092600000, 0x0000000092700000|  0%| F|  |TAMS 0x0000000092600000, 0x0000000092600000| Untracked 
| 295|0x0000000092700000, 0x0000000092700000, 0x0000000092800000|  0%| F|  |TAMS 0x0000000092700000, 0x0000000092700000| Untracked 
| 296|0x0000000092800000, 0x0000000092800000, 0x0000000092900000|  0%| F|  |TAMS 0x0000000092800000, 0x0000000092800000| Untracked 
| 297|0x0000000092900000, 0x0000000092900000, 0x0000000092a00000|  0%| F|  |TAMS 0x0000000092900000, 0x0000000092900000| Untracked 
| 298|0x0000000092a00000, 0x0000000092a00000, 0x0000000092b00000|  0%| F|  |TAMS 0x0000000092a00000, 0x0000000092a00000| Untracked 
| 299|0x0000000092b00000, 0x0000000092b00000, 0x0000000092c00000|  0%| F|  |TAMS 0x0000000092b00000, 0x0000000092b00000| Untracked 
| 300|0x0000000092c00000, 0x0000000092c00000, 0x0000000092d00000|  0%| F|  |TAMS 0x0000000092c00000, 0x0000000092c00000| Untracked 
| 301|0x0000000092d00000, 0x0000000092d00000, 0x0000000092e00000|  0%| F|  |TAMS 0x0000000092d00000, 0x0000000092d00000| Untracked 
| 302|0x0000000092e00000, 0x0000000092e00000, 0x0000000092f00000|  0%| F|  |TAMS 0x0000000092e00000, 0x0000000092e00000| Untracked 
| 303|0x0000000092f00000, 0x0000000092f00000, 0x0000000093000000|  0%| F|  |TAMS 0x0000000092f00000, 0x0000000092f00000| Untracked 
| 304|0x0000000093000000, 0x0000000093000000, 0x0000000093100000|  0%| F|  |TAMS 0x0000000093000000, 0x0000000093000000| Untracked 
| 305|0x0000000093100000, 0x0000000093100000, 0x0000000093200000|  0%| F|  |TAMS 0x0000000093100000, 0x0000000093100000| Untracked 
| 306|0x0000000093200000, 0x0000000093200000, 0x0000000093300000|  0%| F|  |TAMS 0x0000000093200000, 0x0000000093200000| Untracked 
| 307|0x0000000093300000, 0x0000000093300000, 0x0000000093400000|  0%| F|  |TAMS 0x0000000093300000, 0x0000000093300000| Untracked 
| 308|0x0000000093400000, 0x0000000093400000, 0x0000000093500000|  0%| F|  |TAMS 0x0000000093400000, 0x0000000093400000| Untracked 
| 309|0x0000000093500000, 0x0000000093500000, 0x0000000093600000|  0%| F|  |TAMS 0x0000000093500000, 0x0000000093500000| Untracked 
| 310|0x0000000093600000, 0x0000000093600000, 0x0000000093700000|  0%| F|  |TAMS 0x0000000093600000, 0x0000000093600000| Untracked 
| 311|0x0000000093700000, 0x0000000093700000, 0x0000000093800000|  0%| F|  |TAMS 0x0000000093700000, 0x0000000093700000| Untracked 
| 312|0x0000000093800000, 0x0000000093800000, 0x0000000093900000|  0%| F|  |TAMS 0x0000000093800000, 0x0000000093800000| Untracked 
| 313|0x0000000093900000, 0x0000000093900000, 0x0000000093a00000|  0%| F|  |TAMS 0x0000000093900000, 0x0000000093900000| Untracked 
| 314|0x0000000093a00000, 0x0000000093a00000, 0x0000000093b00000|  0%| F|  |TAMS 0x0000000093a00000, 0x0000000093a00000| Untracked 
| 315|0x0000000093b00000, 0x0000000093b00000, 0x0000000093c00000|  0%| F|  |TAMS 0x0000000093b00000, 0x0000000093b00000| Untracked 
| 316|0x0000000093c00000, 0x0000000093c00000, 0x0000000093d00000|  0%| F|  |TAMS 0x0000000093c00000, 0x0000000093c00000| Untracked 
| 317|0x0000000093d00000, 0x0000000093d00000, 0x0000000093e00000|  0%| F|  |TAMS 0x0000000093d00000, 0x0000000093d00000| Untracked 
| 318|0x0000000093e00000, 0x0000000093ee5830, 0x0000000093f00000| 89%| S|CS|TAMS 0x0000000093e00000, 0x0000000093e00000| Complete 
| 319|0x0000000093f00000, 0x0000000094000000, 0x0000000094000000|100%| S|CS|TAMS 0x0000000093f00000, 0x0000000093f00000| Complete 
| 320|0x0000000094000000, 0x0000000094100000, 0x0000000094100000|100%| S|CS|TAMS 0x0000000094000000, 0x0000000094000000| Complete 
| 321|0x0000000094100000, 0x0000000094200000, 0x0000000094200000|100%| S|CS|TAMS 0x0000000094100000, 0x0000000094100000| Complete 
| 322|0x0000000094200000, 0x0000000094300000, 0x0000000094300000|100%| S|CS|TAMS 0x0000000094200000, 0x0000000094200000| Complete 
| 323|0x0000000094300000, 0x0000000094400000, 0x0000000094400000|100%| S|CS|TAMS 0x0000000094300000, 0x0000000094300000| Complete 
| 324|0x0000000094400000, 0x0000000094500000, 0x0000000094500000|100%| S|CS|TAMS 0x0000000094400000, 0x0000000094400000| Complete 
| 325|0x0000000094500000, 0x0000000094600000, 0x0000000094600000|100%| S|CS|TAMS 0x0000000094500000, 0x0000000094500000| Complete 
| 326|0x0000000094600000, 0x0000000094700000, 0x0000000094700000|100%| S|CS|TAMS 0x0000000094600000, 0x0000000094600000| Complete 
| 327|0x0000000094700000, 0x0000000094800000, 0x0000000094800000|100%| S|CS|TAMS 0x0000000094700000, 0x0000000094700000| Complete 
| 328|0x0000000094800000, 0x0000000094900000, 0x0000000094900000|100%| S|CS|TAMS 0x0000000094800000, 0x0000000094800000| Complete 
| 329|0x0000000094900000, 0x0000000094900000, 0x0000000094a00000|  0%| F|  |TAMS 0x0000000094900000, 0x0000000094900000| Untracked 
| 330|0x0000000094a00000, 0x0000000094a00000, 0x0000000094b00000|  0%| F|  |TAMS 0x0000000094a00000, 0x0000000094a00000| Untracked 
| 331|0x0000000094b00000, 0x0000000094b00000, 0x0000000094c00000|  0%| F|  |TAMS 0x0000000094b00000, 0x0000000094b00000| Untracked 
| 332|0x0000000094c00000, 0x0000000094c00000, 0x0000000094d00000|  0%| F|  |TAMS 0x0000000094c00000, 0x0000000094c00000| Untracked 
| 333|0x0000000094d00000, 0x0000000094d00000, 0x0000000094e00000|  0%| F|  |TAMS 0x0000000094d00000, 0x0000000094d00000| Untracked 
| 334|0x0000000094e00000, 0x0000000094e00000, 0x0000000094f00000|  0%| F|  |TAMS 0x0000000094e00000, 0x0000000094e00000| Untracked 
| 335|0x0000000094f00000, 0x0000000094f00000, 0x0000000095000000|  0%| F|  |TAMS 0x0000000094f00000, 0x0000000094f00000| Untracked 
| 336|0x0000000095000000, 0x0000000095000000, 0x0000000095100000|  0%| F|  |TAMS 0x0000000095000000, 0x0000000095000000| Untracked 
| 337|0x0000000095100000, 0x0000000095100000, 0x0000000095200000|  0%| F|  |TAMS 0x0000000095100000, 0x0000000095100000| Untracked 
| 338|0x0000000095200000, 0x0000000095200000, 0x0000000095300000|  0%| F|  |TAMS 0x0000000095200000, 0x0000000095200000| Untracked 
| 339|0x0000000095300000, 0x0000000095300000, 0x0000000095400000|  0%| F|  |TAMS 0x0000000095300000, 0x0000000095300000| Untracked 
| 340|0x0000000095400000, 0x0000000095400000, 0x0000000095500000|  0%| F|  |TAMS 0x0000000095400000, 0x0000000095400000| Untracked 
| 341|0x0000000095500000, 0x0000000095500000, 0x0000000095600000|  0%| F|  |TAMS 0x0000000095500000, 0x0000000095500000| Untracked 
| 342|0x0000000095600000, 0x0000000095600000, 0x0000000095700000|  0%| F|  |TAMS 0x0000000095600000, 0x0000000095600000| Untracked 
| 343|0x0000000095700000, 0x0000000095700000, 0x0000000095800000|  0%| F|  |TAMS 0x0000000095700000, 0x0000000095700000| Untracked 
| 344|0x0000000095800000, 0x0000000095800000, 0x0000000095900000|  0%| F|  |TAMS 0x0000000095800000, 0x0000000095800000| Untracked 
| 345|0x0000000095900000, 0x0000000095900000, 0x0000000095a00000|  0%| F|  |TAMS 0x0000000095900000, 0x0000000095900000| Untracked 
| 346|0x0000000095a00000, 0x0000000095a00000, 0x0000000095b00000|  0%| F|  |TAMS 0x0000000095a00000, 0x0000000095a00000| Untracked 
| 347|0x0000000095b00000, 0x0000000095b00000, 0x0000000095c00000|  0%| F|  |TAMS 0x0000000095b00000, 0x0000000095b00000| Untracked 
| 348|0x0000000095c00000, 0x0000000095c00000, 0x0000000095d00000|  0%| F|  |TAMS 0x0000000095c00000, 0x0000000095c00000| Untracked 
| 349|0x0000000095d00000, 0x0000000095d00000, 0x0000000095e00000|  0%| F|  |TAMS 0x0000000095d00000, 0x0000000095d00000| Untracked 
| 350|0x0000000095e00000, 0x0000000095e00000, 0x0000000095f00000|  0%| F|  |TAMS 0x0000000095e00000, 0x0000000095e00000| Untracked 
| 351|0x0000000095f00000, 0x0000000095f00000, 0x0000000096000000|  0%| F|  |TAMS 0x0000000095f00000, 0x0000000095f00000| Untracked 
| 352|0x0000000096000000, 0x0000000096000000, 0x0000000096100000|  0%| F|  |TAMS 0x0000000096000000, 0x0000000096000000| Untracked 
| 353|0x0000000096100000, 0x0000000096100000, 0x0000000096200000|  0%| F|  |TAMS 0x0000000096100000, 0x0000000096100000| Untracked 
| 354|0x0000000096200000, 0x0000000096200000, 0x0000000096300000|  0%| F|  |TAMS 0x0000000096200000, 0x0000000096200000| Untracked 
| 355|0x0000000096300000, 0x0000000096300000, 0x0000000096400000|  0%| F|  |TAMS 0x0000000096300000, 0x0000000096300000| Untracked 
| 356|0x0000000096400000, 0x0000000096400000, 0x0000000096500000|  0%| F|  |TAMS 0x0000000096400000, 0x0000000096400000| Untracked 
| 357|0x0000000096500000, 0x0000000096500000, 0x0000000096600000|  0%| F|  |TAMS 0x0000000096500000, 0x0000000096500000| Untracked 
| 358|0x0000000096600000, 0x0000000096600000, 0x0000000096700000|  0%| F|  |TAMS 0x0000000096600000, 0x0000000096600000| Untracked 
| 359|0x0000000096700000, 0x0000000096700000, 0x0000000096800000|  0%| F|  |TAMS 0x0000000096700000, 0x0000000096700000| Untracked 
| 360|0x0000000096800000, 0x0000000096800000, 0x0000000096900000|  0%| F|  |TAMS 0x0000000096800000, 0x0000000096800000| Untracked 
| 361|0x0000000096900000, 0x0000000096900000, 0x0000000096a00000|  0%| F|  |TAMS 0x0000000096900000, 0x0000000096900000| Untracked 
| 362|0x0000000096a00000, 0x0000000096a00000, 0x0000000096b00000|  0%| F|  |TAMS 0x0000000096a00000, 0x0000000096a00000| Untracked 
| 363|0x0000000096b00000, 0x0000000096b00000, 0x0000000096c00000|  0%| F|  |TAMS 0x0000000096b00000, 0x0000000096b00000| Untracked 
| 364|0x0000000096c00000, 0x0000000096c00000, 0x0000000096d00000|  0%| F|  |TAMS 0x0000000096c00000, 0x0000000096c00000| Untracked 
| 365|0x0000000096d00000, 0x0000000096d00000, 0x0000000096e00000|  0%| F|  |TAMS 0x0000000096d00000, 0x0000000096d00000| Untracked 
| 366|0x0000000096e00000, 0x0000000096e00000, 0x0000000096f00000|  0%| F|  |TAMS 0x0000000096e00000, 0x0000000096e00000| Untracked 
| 367|0x0000000096f00000, 0x0000000096f00000, 0x0000000097000000|  0%| F|  |TAMS 0x0000000096f00000, 0x0000000096f00000| Untracked 
| 368|0x0000000097000000, 0x0000000097000000, 0x0000000097100000|  0%| F|  |TAMS 0x0000000097000000, 0x0000000097000000| Untracked 
| 369|0x0000000097100000, 0x0000000097100000, 0x0000000097200000|  0%| F|  |TAMS 0x0000000097100000, 0x0000000097100000| Untracked 
| 370|0x0000000097200000, 0x0000000097200000, 0x0000000097300000|  0%| F|  |TAMS 0x0000000097200000, 0x0000000097200000| Untracked 
| 371|0x0000000097300000, 0x0000000097300000, 0x0000000097400000|  0%| F|  |TAMS 0x0000000097300000, 0x0000000097300000| Untracked 
| 372|0x0000000097400000, 0x0000000097400000, 0x0000000097500000|  0%| F|  |TAMS 0x0000000097400000, 0x0000000097400000| Untracked 
| 373|0x0000000097500000, 0x0000000097500000, 0x0000000097600000|  0%| F|  |TAMS 0x0000000097500000, 0x0000000097500000| Untracked 
| 374|0x0000000097600000, 0x0000000097600000, 0x0000000097700000|  0%| F|  |TAMS 0x0000000097600000, 0x0000000097600000| Untracked 
| 375|0x0000000097700000, 0x0000000097700000, 0x0000000097800000|  0%| F|  |TAMS 0x0000000097700000, 0x0000000097700000| Untracked 
| 376|0x0000000097800000, 0x0000000097800000, 0x0000000097900000|  0%| F|  |TAMS 0x0000000097800000, 0x0000000097800000| Untracked 
| 377|0x0000000097900000, 0x0000000097900000, 0x0000000097a00000|  0%| F|  |TAMS 0x0000000097900000, 0x0000000097900000| Untracked 
| 378|0x0000000097a00000, 0x0000000097a00000, 0x0000000097b00000|  0%| F|  |TAMS 0x0000000097a00000, 0x0000000097a00000| Untracked 
| 379|0x0000000097b00000, 0x0000000097b00000, 0x0000000097c00000|  0%| F|  |TAMS 0x0000000097b00000, 0x0000000097b00000| Untracked 
| 380|0x0000000097c00000, 0x0000000097c00000, 0x0000000097d00000|  0%| F|  |TAMS 0x0000000097c00000, 0x0000000097c00000| Untracked 
| 381|0x0000000097d00000, 0x0000000097d00000, 0x0000000097e00000|  0%| F|  |TAMS 0x0000000097d00000, 0x0000000097d00000| Untracked 
| 382|0x0000000097e00000, 0x0000000097e00000, 0x0000000097f00000|  0%| F|  |TAMS 0x0000000097e00000, 0x0000000097e00000| Untracked 
| 383|0x0000000097f00000, 0x0000000097f00000, 0x0000000098000000|  0%| F|  |TAMS 0x0000000097f00000, 0x0000000097f00000| Untracked 
| 384|0x0000000098000000, 0x0000000098000000, 0x0000000098100000|  0%| F|  |TAMS 0x0000000098000000, 0x0000000098000000| Untracked 
| 385|0x0000000098100000, 0x0000000098100000, 0x0000000098200000|  0%| F|  |TAMS 0x0000000098100000, 0x0000000098100000| Untracked 
| 386|0x0000000098200000, 0x0000000098200000, 0x0000000098300000|  0%| F|  |TAMS 0x0000000098200000, 0x0000000098200000| Untracked 
| 387|0x0000000098300000, 0x0000000098300000, 0x0000000098400000|  0%| F|  |TAMS 0x0000000098300000, 0x0000000098300000| Untracked 
| 388|0x0000000098400000, 0x0000000098400000, 0x0000000098500000|  0%| F|  |TAMS 0x0000000098400000, 0x0000000098400000| Untracked 
| 389|0x0000000098500000, 0x0000000098500000, 0x0000000098600000|  0%| F|  |TAMS 0x0000000098500000, 0x0000000098500000| Untracked 
| 390|0x0000000098600000, 0x0000000098600000, 0x0000000098700000|  0%| F|  |TAMS 0x0000000098600000, 0x0000000098600000| Untracked 
| 391|0x0000000098700000, 0x0000000098700000, 0x0000000098800000|  0%| F|  |TAMS 0x0000000098700000, 0x0000000098700000| Untracked 
| 392|0x0000000098800000, 0x0000000098800000, 0x0000000098900000|  0%| F|  |TAMS 0x0000000098800000, 0x0000000098800000| Untracked 
| 393|0x0000000098900000, 0x0000000098900000, 0x0000000098a00000|  0%| F|  |TAMS 0x0000000098900000, 0x0000000098900000| Untracked 
| 394|0x0000000098a00000, 0x0000000098a00000, 0x0000000098b00000|  0%| F|  |TAMS 0x0000000098a00000, 0x0000000098a00000| Untracked 
| 395|0x0000000098b00000, 0x0000000098b00000, 0x0000000098c00000|  0%| F|  |TAMS 0x0000000098b00000, 0x0000000098b00000| Untracked 
| 396|0x0000000098c00000, 0x0000000098c00000, 0x0000000098d00000|  0%| F|  |TAMS 0x0000000098c00000, 0x0000000098c00000| Untracked 
| 397|0x0000000098d00000, 0x0000000098d00000, 0x0000000098e00000|  0%| F|  |TAMS 0x0000000098d00000, 0x0000000098d00000| Untracked 
| 398|0x0000000098e00000, 0x0000000098e00000, 0x0000000098f00000|  0%| F|  |TAMS 0x0000000098e00000, 0x0000000098e00000| Untracked 
| 399|0x0000000098f00000, 0x0000000098f00000, 0x0000000099000000|  0%| F|  |TAMS 0x0000000098f00000, 0x0000000098f00000| Untracked 
| 400|0x0000000099000000, 0x0000000099000000, 0x0000000099100000|  0%| F|  |TAMS 0x0000000099000000, 0x0000000099000000| Untracked 
| 401|0x0000000099100000, 0x0000000099100000, 0x0000000099200000|  0%| F|  |TAMS 0x0000000099100000, 0x0000000099100000| Untracked 
| 402|0x0000000099200000, 0x0000000099200000, 0x0000000099300000|  0%| F|  |TAMS 0x0000000099200000, 0x0000000099200000| Untracked 
| 403|0x0000000099300000, 0x0000000099300000, 0x0000000099400000|  0%| F|  |TAMS 0x0000000099300000, 0x0000000099300000| Untracked 
| 404|0x0000000099400000, 0x0000000099400000, 0x0000000099500000|  0%| F|  |TAMS 0x0000000099400000, 0x0000000099400000| Untracked 
| 405|0x0000000099500000, 0x0000000099500000, 0x0000000099600000|  0%| F|  |TAMS 0x0000000099500000, 0x0000000099500000| Untracked 
| 406|0x0000000099600000, 0x0000000099600000, 0x0000000099700000|  0%| F|  |TAMS 0x0000000099600000, 0x0000000099600000| Untracked 
| 407|0x0000000099700000, 0x0000000099700000, 0x0000000099800000|  0%| F|  |TAMS 0x0000000099700000, 0x0000000099700000| Untracked 
| 408|0x0000000099800000, 0x0000000099800000, 0x0000000099900000|  0%| F|  |TAMS 0x0000000099800000, 0x0000000099800000| Untracked 
| 409|0x0000000099900000, 0x0000000099900000, 0x0000000099a00000|  0%| F|  |TAMS 0x0000000099900000, 0x0000000099900000| Untracked 
| 410|0x0000000099a00000, 0x0000000099a00000, 0x0000000099b00000|  0%| F|  |TAMS 0x0000000099a00000, 0x0000000099a00000| Untracked 
| 411|0x0000000099b00000, 0x0000000099b00000, 0x0000000099c00000|  0%| F|  |TAMS 0x0000000099b00000, 0x0000000099b00000| Untracked 
| 412|0x0000000099c00000, 0x0000000099c00000, 0x0000000099d00000|  0%| F|  |TAMS 0x0000000099c00000, 0x0000000099c00000| Untracked 
| 413|0x0000000099d00000, 0x0000000099d00000, 0x0000000099e00000|  0%| F|  |TAMS 0x0000000099d00000, 0x0000000099d00000| Untracked 
| 414|0x0000000099e00000, 0x0000000099e00000, 0x0000000099f00000|  0%| F|  |TAMS 0x0000000099e00000, 0x0000000099e00000| Untracked 
| 415|0x0000000099f00000, 0x0000000099f00000, 0x000000009a000000|  0%| F|  |TAMS 0x0000000099f00000, 0x0000000099f00000| Untracked 
| 416|0x000000009a000000, 0x000000009a000000, 0x000000009a100000|  0%| F|  |TAMS 0x000000009a000000, 0x000000009a000000| Untracked 
| 417|0x000000009a100000, 0x000000009a100000, 0x000000009a200000|  0%| F|  |TAMS 0x000000009a100000, 0x000000009a100000| Untracked 
| 418|0x000000009a200000, 0x000000009a200000, 0x000000009a300000|  0%| F|  |TAMS 0x000000009a200000, 0x000000009a200000| Untracked 
| 419|0x000000009a300000, 0x000000009a300000, 0x000000009a400000|  0%| F|  |TAMS 0x000000009a300000, 0x000000009a300000| Untracked 
| 420|0x000000009a400000, 0x000000009a400000, 0x000000009a500000|  0%| F|  |TAMS 0x000000009a400000, 0x000000009a400000| Untracked 
| 421|0x000000009a500000, 0x000000009a500000, 0x000000009a600000|  0%| F|  |TAMS 0x000000009a500000, 0x000000009a500000| Untracked 
| 422|0x000000009a600000, 0x000000009a600000, 0x000000009a700000|  0%| F|  |TAMS 0x000000009a600000, 0x000000009a600000| Untracked 
| 423|0x000000009a700000, 0x000000009a700000, 0x000000009a800000|  0%| F|  |TAMS 0x000000009a700000, 0x000000009a700000| Untracked 
| 424|0x000000009a800000, 0x000000009a800000, 0x000000009a900000|  0%| F|  |TAMS 0x000000009a800000, 0x000000009a800000| Untracked 
| 425|0x000000009a900000, 0x000000009a900000, 0x000000009aa00000|  0%| F|  |TAMS 0x000000009a900000, 0x000000009a900000| Untracked 
| 426|0x000000009aa00000, 0x000000009aa00000, 0x000000009ab00000|  0%| F|  |TAMS 0x000000009aa00000, 0x000000009aa00000| Untracked 
| 427|0x000000009ab00000, 0x000000009ab00000, 0x000000009ac00000|  0%| F|  |TAMS 0x000000009ab00000, 0x000000009ab00000| Untracked 
| 428|0x000000009ac00000, 0x000000009ac00000, 0x000000009ad00000|  0%| F|  |TAMS 0x000000009ac00000, 0x000000009ac00000| Untracked 
| 429|0x000000009ad00000, 0x000000009ad00000, 0x000000009ae00000|  0%| F|  |TAMS 0x000000009ad00000, 0x000000009ad00000| Untracked 
| 430|0x000000009ae00000, 0x000000009ae00000, 0x000000009af00000|  0%| F|  |TAMS 0x000000009ae00000, 0x000000009ae00000| Untracked 
| 431|0x000000009af00000, 0x000000009af00000, 0x000000009b000000|  0%| F|  |TAMS 0x000000009af00000, 0x000000009af00000| Untracked 
| 432|0x000000009b000000, 0x000000009b000000, 0x000000009b100000|  0%| F|  |TAMS 0x000000009b000000, 0x000000009b000000| Untracked 
| 433|0x000000009b100000, 0x000000009b100000, 0x000000009b200000|  0%| F|  |TAMS 0x000000009b100000, 0x000000009b100000| Untracked 
| 434|0x000000009b200000, 0x000000009b200000, 0x000000009b300000|  0%| F|  |TAMS 0x000000009b200000, 0x000000009b200000| Untracked 
| 435|0x000000009b300000, 0x000000009b300000, 0x000000009b400000|  0%| F|  |TAMS 0x000000009b300000, 0x000000009b300000| Untracked 
| 436|0x000000009b400000, 0x000000009b400000, 0x000000009b500000|  0%| F|  |TAMS 0x000000009b400000, 0x000000009b400000| Untracked 
| 437|0x000000009b500000, 0x000000009b500000, 0x000000009b600000|  0%| F|  |TAMS 0x000000009b500000, 0x000000009b500000| Untracked 
| 438|0x000000009b600000, 0x000000009b600000, 0x000000009b700000|  0%| F|  |TAMS 0x000000009b600000, 0x000000009b600000| Untracked 
| 439|0x000000009b700000, 0x000000009b700000, 0x000000009b800000|  0%| F|  |TAMS 0x000000009b700000, 0x000000009b700000| Untracked 
| 440|0x000000009b800000, 0x000000009b800000, 0x000000009b900000|  0%| F|  |TAMS 0x000000009b800000, 0x000000009b800000| Untracked 
| 441|0x000000009b900000, 0x000000009b900000, 0x000000009ba00000|  0%| F|  |TAMS 0x000000009b900000, 0x000000009b900000| Untracked 
| 442|0x000000009ba00000, 0x000000009ba00000, 0x000000009bb00000|  0%| F|  |TAMS 0x000000009ba00000, 0x000000009ba00000| Untracked 
| 443|0x000000009bb00000, 0x000000009bb00000, 0x000000009bc00000|  0%| F|  |TAMS 0x000000009bb00000, 0x000000009bb00000| Untracked 
| 444|0x000000009bc00000, 0x000000009bc00000, 0x000000009bd00000|  0%| F|  |TAMS 0x000000009bc00000, 0x000000009bc00000| Untracked 
| 445|0x000000009bd00000, 0x000000009bd00000, 0x000000009be00000|  0%| F|  |TAMS 0x000000009bd00000, 0x000000009bd00000| Untracked 
| 446|0x000000009be00000, 0x000000009be00000, 0x000000009bf00000|  0%| F|  |TAMS 0x000000009be00000, 0x000000009be00000| Untracked 
| 447|0x000000009bf00000, 0x000000009bf00000, 0x000000009c000000|  0%| F|  |TAMS 0x000000009bf00000, 0x000000009bf00000| Untracked 
| 448|0x000000009c000000, 0x000000009c000000, 0x000000009c100000|  0%| F|  |TAMS 0x000000009c000000, 0x000000009c000000| Untracked 
| 449|0x000000009c100000, 0x000000009c100000, 0x000000009c200000|  0%| F|  |TAMS 0x000000009c100000, 0x000000009c100000| Untracked 
| 450|0x000000009c200000, 0x000000009c200000, 0x000000009c300000|  0%| F|  |TAMS 0x000000009c200000, 0x000000009c200000| Untracked 
| 451|0x000000009c300000, 0x000000009c300000, 0x000000009c400000|  0%| F|  |TAMS 0x000000009c300000, 0x000000009c300000| Untracked 
| 452|0x000000009c400000, 0x000000009c400000, 0x000000009c500000|  0%| F|  |TAMS 0x000000009c400000, 0x000000009c400000| Untracked 
| 453|0x000000009c500000, 0x000000009c500000, 0x000000009c600000|  0%| F|  |TAMS 0x000000009c500000, 0x000000009c500000| Untracked 
| 454|0x000000009c600000, 0x000000009c600000, 0x000000009c700000|  0%| F|  |TAMS 0x000000009c600000, 0x000000009c600000| Untracked 
| 455|0x000000009c700000, 0x000000009c700000, 0x000000009c800000|  0%| F|  |TAMS 0x000000009c700000, 0x000000009c700000| Untracked 
| 456|0x000000009c800000, 0x000000009c800000, 0x000000009c900000|  0%| F|  |TAMS 0x000000009c800000, 0x000000009c800000| Untracked 
| 457|0x000000009c900000, 0x000000009c900000, 0x000000009ca00000|  0%| F|  |TAMS 0x000000009c900000, 0x000000009c900000| Untracked 
| 458|0x000000009ca00000, 0x000000009ca00000, 0x000000009cb00000|  0%| F|  |TAMS 0x000000009ca00000, 0x000000009ca00000| Untracked 
| 459|0x000000009cb00000, 0x000000009cb00000, 0x000000009cc00000|  0%| F|  |TAMS 0x000000009cb00000, 0x000000009cb00000| Untracked 
| 460|0x000000009cc00000, 0x000000009cc00000, 0x000000009cd00000|  0%| F|  |TAMS 0x000000009cc00000, 0x000000009cc00000| Untracked 
| 461|0x000000009cd00000, 0x000000009cd00000, 0x000000009ce00000|  0%| F|  |TAMS 0x000000009cd00000, 0x000000009cd00000| Untracked 
| 462|0x000000009ce00000, 0x000000009ce00000, 0x000000009cf00000|  0%| F|  |TAMS 0x000000009ce00000, 0x000000009ce00000| Untracked 
| 463|0x000000009cf00000, 0x000000009cf00000, 0x000000009d000000|  0%| F|  |TAMS 0x000000009cf00000, 0x000000009cf00000| Untracked 
| 464|0x000000009d000000, 0x000000009d000000, 0x000000009d100000|  0%| F|  |TAMS 0x000000009d000000, 0x000000009d000000| Untracked 
| 465|0x000000009d100000, 0x000000009d100000, 0x000000009d200000|  0%| F|  |TAMS 0x000000009d100000, 0x000000009d100000| Untracked 
| 466|0x000000009d200000, 0x000000009d200000, 0x000000009d300000|  0%| F|  |TAMS 0x000000009d200000, 0x000000009d200000| Untracked 
| 467|0x000000009d300000, 0x000000009d300000, 0x000000009d400000|  0%| F|  |TAMS 0x000000009d300000, 0x000000009d300000| Untracked 
| 468|0x000000009d400000, 0x000000009d400000, 0x000000009d500000|  0%| F|  |TAMS 0x000000009d400000, 0x000000009d400000| Untracked 
| 469|0x000000009d500000, 0x000000009d500000, 0x000000009d600000|  0%| F|  |TAMS 0x000000009d500000, 0x000000009d500000| Untracked 
| 470|0x000000009d600000, 0x000000009d600000, 0x000000009d700000|  0%| F|  |TAMS 0x000000009d600000, 0x000000009d600000| Untracked 
| 471|0x000000009d700000, 0x000000009d700000, 0x000000009d800000|  0%| F|  |TAMS 0x000000009d700000, 0x000000009d700000| Untracked 
| 472|0x000000009d800000, 0x000000009d800000, 0x000000009d900000|  0%| F|  |TAMS 0x000000009d800000, 0x000000009d800000| Untracked 
| 473|0x000000009d900000, 0x000000009d900000, 0x000000009da00000|  0%| F|  |TAMS 0x000000009d900000, 0x000000009d900000| Untracked 
| 474|0x000000009da00000, 0x000000009da00000, 0x000000009db00000|  0%| F|  |TAMS 0x000000009da00000, 0x000000009da00000| Untracked 
| 475|0x000000009db00000, 0x000000009db00000, 0x000000009dc00000|  0%| F|  |TAMS 0x000000009db00000, 0x000000009db00000| Untracked 
| 476|0x000000009dc00000, 0x000000009dc00000, 0x000000009dd00000|  0%| F|  |TAMS 0x000000009dc00000, 0x000000009dc00000| Untracked 
| 477|0x000000009dd00000, 0x000000009dd00000, 0x000000009de00000|  0%| F|  |TAMS 0x000000009dd00000, 0x000000009dd00000| Untracked 
| 478|0x000000009de00000, 0x000000009de00000, 0x000000009df00000|  0%| F|  |TAMS 0x000000009de00000, 0x000000009de00000| Untracked 
| 479|0x000000009df00000, 0x000000009df00000, 0x000000009e000000|  0%| F|  |TAMS 0x000000009df00000, 0x000000009df00000| Untracked 
| 480|0x000000009e000000, 0x000000009e000000, 0x000000009e100000|  0%| F|  |TAMS 0x000000009e000000, 0x000000009e000000| Untracked 
| 481|0x000000009e100000, 0x000000009e100000, 0x000000009e200000|  0%| F|  |TAMS 0x000000009e100000, 0x000000009e100000| Untracked 
| 482|0x000000009e200000, 0x000000009e200000, 0x000000009e300000|  0%| F|  |TAMS 0x000000009e200000, 0x000000009e200000| Untracked 
| 483|0x000000009e300000, 0x000000009e380000, 0x000000009e400000| 50%| E|  |TAMS 0x000000009e300000, 0x000000009e300000| Complete 
| 484|0x000000009e400000, 0x000000009e500000, 0x000000009e500000|100%| E|CS|TAMS 0x000000009e400000, 0x000000009e400000| Complete 
| 485|0x000000009e500000, 0x000000009e600000, 0x000000009e600000|100%| E|CS|TAMS 0x000000009e500000, 0x000000009e500000| Complete 
| 486|0x000000009e600000, 0x000000009e700000, 0x000000009e700000|100%| E|CS|TAMS 0x000000009e600000, 0x000000009e600000| Complete 
| 487|0x000000009e700000, 0x000000009e800000, 0x000000009e800000|100%| E|CS|TAMS 0x000000009e700000, 0x000000009e700000| Complete 
| 488|0x000000009e800000, 0x000000009e900000, 0x000000009e900000|100%| E|CS|TAMS 0x000000009e800000, 0x000000009e800000| Complete 
| 489|0x000000009e900000, 0x000000009ea00000, 0x000000009ea00000|100%| E|CS|TAMS 0x000000009e900000, 0x000000009e900000| Complete 
| 490|0x000000009ea00000, 0x000000009eb00000, 0x000000009eb00000|100%| E|CS|TAMS 0x000000009ea00000, 0x000000009ea00000| Complete 
| 491|0x000000009eb00000, 0x000000009ec00000, 0x000000009ec00000|100%| E|CS|TAMS 0x000000009eb00000, 0x000000009eb00000| Complete 
| 492|0x000000009ec00000, 0x000000009ed00000, 0x000000009ed00000|100%| E|CS|TAMS 0x000000009ec00000, 0x000000009ec00000| Complete 

Card table byte_map: [0x00000231edf00000,0x00000231ee300000] _byte_map_base: 0x00000231edb00000

Marking Bits (Prev, Next): (CMBitMap*) 0x00000231d6aa1980, (CMBitMap*) 0x00000231d6aa1940
 Prev Bits: [0x00000231f0700000, 0x00000231f2700000)
 Next Bits: [0x00000231ee700000, 0x00000231f0700000)

Polling page: 0x00000231d4a50000

Metaspace:

Usage:
  Non-class:    110.50 MB used.
      Class:     17.31 MB used.
       Both:    127.80 MB used.

Virtual space:
  Non-class space:      128.00 MB reserved,     111.25 MB ( 87%) committed,  2 nodes.
      Class space:      416.00 MB reserved,      18.00 MB (  4%) committed,  1 nodes.
             Both:      544.00 MB reserved,     129.25 MB ( 24%) committed. 

Chunk freelists:
   Non-Class:  136.00 KB
       Class:  13.87 MB
        Both:  14.01 MB

MaxMetaspaceSize: 512.00 MB
CompressedClassSpaceSize: 416.00 MB
Initial GC threshold: 21.00 MB
Current GC threshold: 154.62 MB
CDS: on
MetaspaceReclaimPolicy: balanced
 - commit_granule_bytes: 65536.
 - commit_granule_words: 8192.
 - virtual_space_node_default_size: 8388608.
 - enlarge_chunks_in_place: 1.
 - new_chunks_are_fully_committed: 0.
 - uncommit_free_chunks: 1.
 - use_allocation_guard: 0.
 - handle_deallocations: 1.


Internal statistics:

num_allocs_failed_limit: 9.
num_arena_births: 1726.
num_arena_deaths: 2.
num_vsnodes_births: 3.
num_vsnodes_deaths: 0.
num_space_committed: 2068.
num_space_uncommitted: 0.
num_chunks_returned_to_freelist: 13.
num_chunks_taken_from_freelist: 7529.
num_chunk_merges: 9.
num_chunk_splits: 4878.
num_chunks_enlarged: 3113.
num_inconsistent_stats: 0.

CodeHeap 'non-profiled nmethods': size=120000Kb used=12932Kb max_used=12932Kb free=107067Kb
 bounds [0x00000231e6080000, 0x00000231e6d30000, 0x00000231ed5b0000]
CodeHeap 'profiled nmethods': size=120000Kb used=32380Kb max_used=32380Kb free=87619Kb
 bounds [0x00000231de5b0000, 0x00000231e0580000, 0x00000231e5ae0000]
CodeHeap 'non-nmethods': size=5760Kb used=2499Kb max_used=2612Kb free=3260Kb
 bounds [0x00000231e5ae0000, 0x00000231e5d70000, 0x00000231e6080000]
 total_blobs=17386 nmethods=16343 adapters=954
 compilation: enabled
              stopped_count=0, restarted_count=0
 full_count=0

Compilation events (20 events):
Event: 36.261 Thread 0x00000231f544bd80 nmethod 20131 0x00000231df1a8f90 code [0x00000231df1a9160, 0x00000231df1a9428]
Event: 36.261 Thread 0x00000231f544bd80 20125       3       org.codehaus.groovy.classgen.ClassCompletionVerifier::checkMethodModifiers (60 bytes)
Event: 36.261 Thread 0x00000231f544bd80 nmethod 20125 0x00000231dfe6b590 code [0x00000231dfe6b7e0, 0x00000231dfe6c2a8]
Event: 36.261 Thread 0x00000231f544bd80 20126       3       org.codehaus.groovy.classgen.ExtendedVerifier::visitMethod (7 bytes)
Event: 36.262 Thread 0x00000231f544bd80 nmethod 20126 0x00000231de646210 code [0x00000231de6463c0, 0x00000231de646508]
Event: 36.262 Thread 0x00000231f544bd80 20128       3       org.codehaus.groovy.classgen.asm.OptimizingStatementWriter$OptVisitor::visitMethod (21 bytes)
Event: 36.262 Thread 0x00000231f544bd80 nmethod 20128 0x00000231df5a9390 code [0x00000231df5a9580, 0x00000231df5a9b78]
Event: 36.262 Thread 0x00000231f544bd80 20129       3       org.codehaus.groovy.classgen.asm.CompileStack::init (52 bytes)
Event: 36.262 Thread 0x00000231f544bd80 nmethod 20129 0x00000231e00d3c90 code [0x00000231e00d3e80, 0x00000231e00d4278]
Event: 36.262 Thread 0x00000231f544bd80 20132       3       org.codehaus.groovy.classgen.asm.CallSiteWriter::makeSiteEntry (76 bytes)
Event: 36.263 Thread 0x00000231f544bd80 nmethod 20132 0x00000231e0155990 code [0x00000231e0155bc0, 0x00000231e01562f8]
Event: 36.263 Thread 0x00000231f544bd80 20134       3       org.codehaus.groovy.classgen.AsmClassGenerator::checkIfLastStatementIsReturnOrThrow (65 bytes)
Event: 36.263 Thread 0x00000231f544bd80 nmethod 20134 0x00000231e03f4010 code [0x00000231e03f4200, 0x00000231e03f4ab8]
Event: 36.263 Thread 0x00000231f544bd80 20135       3       org.codehaus.groovy.classgen.AsmClassGenerator::visitMethod (14 bytes)
Event: 36.263 Thread 0x00000231f544bd80 nmethod 20135 0x00000231e03f3a90 code [0x00000231e03f3c40, 0x00000231e03f3ec8]
Event: 36.263 Thread 0x00000231f544bd80 20136       3       org.codehaus.groovy.classgen.asm.WriterController::setMethodNode (11 bytes)
Event: 36.264 Thread 0x00000231f544bd80 nmethod 20136 0x00000231df60bb90 code [0x00000231df60bd20, 0x00000231df60be98]
Event: 36.267 Thread 0x00000231f544bd80 20137       3       java.lang.ClassValue$Entry::isLive (26 bytes)
Event: 36.267 Thread 0x00000231f544bd80 nmethod 20137 0x00000231df899b10 code [0x00000231df899d00, 0x00000231df89a368]
Event: 36.540 Thread 0x00000231f544bd80 20138       3       java.util.HashMap$ValueSpliterator::characteristics (28 bytes)

GC Heap History (20 events):
Event: 25.670 GC heap before
{Heap before GC invocations=33 (full 0):
 garbage-first heap   total 504832K, used 381443K [0x0000000080000000, 0x0000000100000000)
  region size 1024K, 220 young (225280K), 13 survivors (13312K)
 Metaspace       used 111355K, committed 112384K, reserved 557056K
  class space    used 14972K, committed 15488K, reserved 425984K
}
Event: 25.679 GC heap after
{Heap after GC invocations=34 (full 0):
 garbage-first heap   total 504832K, used 179701K [0x0000000080000000, 0x0000000100000000)
  region size 1024K, 26 young (26624K), 26 survivors (26624K)
 Metaspace       used 111355K, committed 112384K, reserved 557056K
  class space    used 14972K, committed 15488K, reserved 425984K
}
Event: 27.911 GC heap before
{Heap before GC invocations=34 (full 0):
 garbage-first heap   total 504832K, used 386549K [0x0000000080000000, 0x0000000100000000)
  region size 1024K, 228 young (233472K), 26 survivors (26624K)
 Metaspace       used 122593K, committed 123712K, reserved 557056K
  class space    used 16628K, committed 17216K, reserved 425984K
}
Event: 27.920 GC heap after
{Heap after GC invocations=35 (full 0):
 garbage-first heap   total 504832K, used 188862K [0x0000000080000000, 0x0000000100000000)
  region size 1024K, 25 young (25600K), 25 survivors (25600K)
 Metaspace       used 122593K, committed 123712K, reserved 557056K
  class space    used 16628K, committed 17216K, reserved 425984K
}
Event: 28.931 GC heap before
{Heap before GC invocations=35 (full 0):
 garbage-first heap   total 504832K, used 395710K [0x0000000080000000, 0x0000000100000000)
  region size 1024K, 227 young (232448K), 25 survivors (25600K)
 Metaspace       used 125621K, committed 126784K, reserved 557056K
  class space    used 17035K, committed 17600K, reserved 425984K
}
Event: 28.940 GC heap after
{Heap after GC invocations=36 (full 0):
 garbage-first heap   total 504832K, used 199080K [0x0000000080000000, 0x0000000100000000)
  region size 1024K, 22 young (22528K), 22 survivors (22528K)
 Metaspace       used 125621K, committed 126784K, reserved 557056K
  class space    used 17035K, committed 17600K, reserved 425984K
}
Event: 29.727 GC heap before
{Heap before GC invocations=36 (full 0):
 garbage-first heap   total 504832K, used 399784K [0x0000000080000000, 0x0000000100000000)
  region size 1024K, 219 young (224256K), 22 survivors (22528K)
 Metaspace       used 126771K, committed 128064K, reserved 557056K
  class space    used 17176K, committed 17792K, reserved 425984K
}
Event: 29.735 GC heap after
{Heap after GC invocations=37 (full 0):
 garbage-first heap   total 504832K, used 206598K [0x0000000080000000, 0x0000000100000000)
  region size 1024K, 20 young (20480K), 20 survivors (20480K)
 Metaspace       used 126771K, committed 128064K, reserved 557056K
  class space    used 17176K, committed 17792K, reserved 425984K
}
Event: 30.299 GC heap before
{Heap before GC invocations=37 (full 0):
 garbage-first heap   total 504832K, used 410374K [0x0000000080000000, 0x0000000100000000)
  region size 1024K, 216 young (221184K), 20 survivors (20480K)
 Metaspace       used 127103K, committed 128320K, reserved 557056K
  class space    used 17204K, committed 17792K, reserved 425984K
}
Event: 30.307 GC heap after
{Heap after GC invocations=38 (full 0):
 garbage-first heap   total 504832K, used 216129K [0x0000000080000000, 0x0000000100000000)
  region size 1024K, 17 young (17408K), 17 survivors (17408K)
 Metaspace       used 127103K, committed 128320K, reserved 557056K
  class space    used 17204K, committed 17792K, reserved 425984K
}
Event: 31.303 GC heap before
{Heap before GC invocations=38 (full 0):
 garbage-first heap   total 504832K, used 409665K [0x0000000080000000, 0x0000000100000000)
  region size 1024K, 207 young (211968K), 17 survivors (17408K)
 Metaspace       used 127952K, committed 129216K, reserved 557056K
  class space    used 17324K, committed 17920K, reserved 425984K
}
Event: 31.312 GC heap after
{Heap after GC invocations=39 (full 0):
 garbage-first heap   total 504832K, used 226136K [0x0000000080000000, 0x0000000100000000)
  region size 1024K, 19 young (19456K), 19 survivors (19456K)
 Metaspace       used 127952K, committed 129216K, reserved 557056K
  class space    used 17324K, committed 17920K, reserved 425984K
}
Event: 31.968 GC heap before
{Heap before GC invocations=39 (full 0):
 garbage-first heap   total 504832K, used 416600K [0x0000000080000000, 0x0000000100000000)
  region size 1024K, 202 young (206848K), 19 survivors (19456K)
 Metaspace       used 127979K, committed 129216K, reserved 557056K
  class space    used 17324K, committed 17920K, reserved 425984K
}
Event: 31.977 GC heap after
{Heap after GC invocations=40 (full 0):
 garbage-first heap   total 504832K, used 237343K [0x0000000080000000, 0x0000000100000000)
  region size 1024K, 21 young (21504K), 21 survivors (21504K)
 Metaspace       used 127979K, committed 129216K, reserved 557056K
  class space    used 17324K, committed 17920K, reserved 425984K
}
Event: 33.486 GC heap before
{Heap before GC invocations=40 (full 0):
 garbage-first heap   total 504832K, used 419615K [0x0000000080000000, 0x0000000100000000)
  region size 1024K, 199 young (203776K), 21 survivors (21504K)
 Metaspace       used 129203K, committed 130560K, reserved 557056K
  class space    used 17512K, committed 18112K, reserved 425984K
}
Event: 33.501 GC heap after
{Heap after GC invocations=41 (full 0):
 garbage-first heap   total 504832K, used 242624K [0x0000000080000000, 0x0000000100000000)
  region size 1024K, 15 young (15360K), 15 survivors (15360K)
 Metaspace       used 129203K, committed 130560K, reserved 557056K
  class space    used 17512K, committed 18112K, reserved 425984K
}
Event: 35.559 GC heap before
{Heap before GC invocations=41 (full 0):
 garbage-first heap   total 504832K, used 420800K [0x0000000080000000, 0x0000000100000000)
  region size 1024K, 190 young (194560K), 15 survivors (15360K)
 Metaspace       used 130693K, committed 132160K, reserved 557056K
  class space    used 17702K, committed 18368K, reserved 425984K
}
Event: 35.569 GC heap after
{Heap after GC invocations=42 (full 0):
 garbage-first heap   total 504832K, used 253358K [0x0000000080000000, 0x0000000100000000)
  region size 1024K, 18 young (18432K), 18 survivors (18432K)
 Metaspace       used 130693K, committed 132160K, reserved 557056K
  class space    used 17702K, committed 18368K, reserved 425984K
}
Event: 36.210 GC heap before
{Heap before GC invocations=42 (full 0):
 garbage-first heap   total 504832K, used 425390K [0x0000000080000000, 0x0000000100000000)
  region size 1024K, 182 young (186368K), 18 survivors (18432K)
 Metaspace       used 130750K, committed 132224K, reserved 557056K
  class space    used 17706K, committed 18368K, reserved 425984K
}
Event: 36.220 GC heap after
{Heap after GC invocations=43 (full 0):
 garbage-first heap   total 504832K, used 265055K [0x0000000080000000, 0x0000000100000000)
  region size 1024K, 11 young (11264K), 11 survivors (11264K)
 Metaspace       used 130750K, committed 132224K, reserved 557056K
  class space    used 17706K, committed 18368K, reserved 425984K
}

Dll operation events (15 events):
Event: 0.008 Loaded shared library C:\Program Files\Microsoft\jdk-17.0.17.10-hotspot\bin\java.dll
Event: 0.026 Loaded shared library C:\Program Files\Microsoft\jdk-17.0.17.10-hotspot\bin\jsvml.dll
Event: 0.067 Loaded shared library C:\Program Files\Microsoft\jdk-17.0.17.10-hotspot\bin\zip.dll
Event: 0.069 Loaded shared library C:\Program Files\Microsoft\jdk-17.0.17.10-hotspot\bin\instrument.dll
Event: 0.074 Loaded shared library C:\Program Files\Microsoft\jdk-17.0.17.10-hotspot\bin\net.dll
Event: 0.076 Loaded shared library C:\Program Files\Microsoft\jdk-17.0.17.10-hotspot\bin\nio.dll
Event: 0.077 Loaded shared library C:\Program Files\Microsoft\jdk-17.0.17.10-hotspot\bin\zip.dll
Event: 0.297 Loaded shared library C:\Program Files\Microsoft\jdk-17.0.17.10-hotspot\bin\jimage.dll
Event: 1.466 Loaded shared library C:\Program Files\Microsoft\jdk-17.0.17.10-hotspot\bin\verify.dll
Event: 1.660 Loaded shared library C:\Users\KrisMar\.gradle\native\1def1411415f61bf3af743bc5b6707747c0891f09f0c88961ee8f79bc544acac\windows-amd64\native-platform.dll
Event: 1.673 Loaded shared library C:\Users\KrisMar\.gradle\native\0.2.7\x86_64-windows-gnu\gradle-fileevents.dll
Event: 3.500 Loaded shared library C:\Program Files\Microsoft\jdk-17.0.17.10-hotspot\bin\management.dll
Event: 3.503 Loaded shared library C:\Program Files\Microsoft\jdk-17.0.17.10-hotspot\bin\management_ext.dll
Event: 3.849 Loaded shared library C:\Program Files\Microsoft\jdk-17.0.17.10-hotspot\bin\extnet.dll
Event: 4.037 Loaded shared library C:\Program Files\Microsoft\jdk-17.0.17.10-hotspot\bin\sunmscapi.dll

Deoptimization events (20 events):
Event: 34.471 Thread 0x00000231fb445310 DEOPT PACKING pc=0x00000231e6ac7824 sp=0x00000083d26f4330
Event: 34.471 Thread 0x00000231fb445310 DEOPT UNPACKING pc=0x00000231e5b369a3 sp=0x00000083d26f4270 mode 2
Event: 34.940 Thread 0x00000231fb445310 Uncommon trap: trap_request=0xffffff45 fr.pc=0x00000231e6a774b0 relative=0x00000000000010b0
Event: 34.940 Thread 0x00000231fb445310 Uncommon trap: reason=unstable_if action=reinterpret pc=0x00000231e6a774b0 method=org.codehaus.groovy.runtime.metaclass.MetaMethodIndex.isOverridden(Lgroovy/lang/MetaMethod;Lgroovy/lang/MetaMethod;)Z @ 59 c2
Event: 34.940 Thread 0x00000231fb445310 DEOPT PACKING pc=0x00000231e6a774b0 sp=0x00000083d26f0c60
Event: 34.940 Thread 0x00000231fb445310 DEOPT UNPACKING pc=0x00000231e5b369a3 sp=0x00000083d26f0bb8 mode 2
Event: 34.941 Thread 0x00000231fb445310 Uncommon trap: trap_request=0xffffff45 fr.pc=0x00000231e6c2ac18 relative=0x0000000000001978
Event: 34.941 Thread 0x00000231fb445310 Uncommon trap: reason=unstable_if action=reinterpret pc=0x00000231e6c2ac18 method=groovyjarjarasm.asm.Type.getArgumentsAndReturnSizes(Ljava/lang/String;)I @ 117 c2
Event: 34.941 Thread 0x00000231fb445310 DEOPT PACKING pc=0x00000231e6c2ac18 sp=0x00000083d26f0d00
Event: 34.941 Thread 0x00000231fb445310 DEOPT UNPACKING pc=0x00000231e5b369a3 sp=0x00000083d26f0ba8 mode 2
Event: 34.987 Thread 0x00000231fb445310 DEOPT PACKING pc=0x00000231e02d8394 sp=0x00000083d26f9f40
Event: 34.987 Thread 0x00000231fb445310 DEOPT UNPACKING pc=0x00000231e5b37143 sp=0x00000083d26f9430 mode 0
Event: 36.122 Thread 0x00000231fb445310 Uncommon trap: trap_request=0xffffff6e fr.pc=0x00000231e64c0c00 relative=0x0000000000000760
Event: 36.122 Thread 0x00000231fb445310 Uncommon trap: reason=loop_limit_check action=maybe_recompile pc=0x00000231e64c0c00 method=groovyjarjarantlr4.v4.runtime.BufferedTokenStream.previousTokenOnChannel(II)I @ 22 c2
Event: 36.122 Thread 0x00000231fb445310 DEOPT PACKING pc=0x00000231e64c0c00 sp=0x00000083d26f6ae0
Event: 36.122 Thread 0x00000231fb445310 DEOPT UNPACKING pc=0x00000231e5b369a3 sp=0x00000083d26f6978 mode 2
Event: 36.122 Thread 0x00000231fb445310 Uncommon trap: trap_request=0xffffff6e fr.pc=0x00000231e6a3804c relative=0x000000000000060c
Event: 36.122 Thread 0x00000231fb445310 Uncommon trap: reason=loop_limit_check action=maybe_recompile pc=0x00000231e6a3804c method=groovyjarjarantlr4.v4.runtime.BufferedTokenStream.previousTokenOnChannel(II)I @ 22 c2
Event: 36.122 Thread 0x00000231fb445310 DEOPT PACKING pc=0x00000231e6a3804c sp=0x00000083d26f6b70
Event: 36.122 Thread 0x00000231fb445310 DEOPT UNPACKING pc=0x00000231e5b369a3 sp=0x00000083d26f6a50 mode 2

Classes loaded (20 events):
Event: 34.471 Loading class java/util/regex/MatcherCustomizer
Event: 34.471 Loading class java/util/regex/MatcherCustomizer done
Event: 34.719 Loading class java/util/AbstractList$RandomAccessSubList
Event: 34.719 Loading class java/util/AbstractList$SubList
Event: 34.720 Loading class java/util/AbstractList$SubList done
Event: 34.720 Loading class java/util/AbstractList$RandomAccessSubList done
Event: 34.721 Loading class java/util/AbstractList$SubList$1
Event: 34.722 Loading class java/util/AbstractList$SubList$1 done
Event: 34.939 Loading class java/io/Console
Event: 34.939 Loading class java/io/Console done
Event: 34.940 Loading class java/lang/SystemBeanInfo
Event: 34.940 Loading class java/lang/SystemBeanInfo done
Event: 34.940 Loading class java/lang/SystemBeanInfo
Event: 34.940 Loading class java/lang/SystemBeanInfo done
Event: 34.940 Loading class java/lang/SystemCustomizer
Event: 34.940 Loading class java/lang/SystemCustomizer done
Event: 34.941 Loading class java/lang/SystemCustomizer
Event: 34.941 Loading class java/lang/SystemCustomizer done
Event: 35.459 Loading class jdk/internal/misc/ScopedMemoryAccess$Scope$Handle
Event: 35.459 Loading class jdk/internal/misc/ScopedMemoryAccess$Scope$Handle done

Classes unloaded (5 events):
Event: 20.694 Thread 0x00000231f4c1df40 Unloading class 0x0000023181bf93e8 '_BuildScript_$_run_closure1$_closure4'
Event: 20.694 Thread 0x00000231f4c1df40 Unloading class 0x0000023181bf9000 '_BuildScript_$_run_closure1$_closure3'
Event: 20.694 Thread 0x00000231f4c1df40 Unloading class 0x0000023181bf8920 '_BuildScript_$_run_closure1$_closure2'
Event: 20.694 Thread 0x00000231f4c1df40 Unloading class 0x0000023181bf8538 '_BuildScript_$_run_closure1'
Event: 20.694 Thread 0x00000231f4c1df40 Unloading class 0x0000023181bf8000 '_BuildScript_'

Classes redefined (0 events):
No events

Internal exceptions (20 events):
Event: 35.150 Thread 0x00000231fb445310 Exception <a 'java/lang/ClassNotFoundException'{0x00000000969c7160}: com/android/build/gradle/tasks/ExternalNativeBuildTask_DecoratedBeanInfo> (0x00000000969c7160) 
thrown [s\src\hotspot\share\classfile\systemDictionary.cpp, line 256]
Event: 35.151 Thread 0x00000231fb445310 Exception <a 'java/lang/ClassNotFoundException'{0x00000000969d7f68}: com/android/build/gradle/tasks/ExternalNativeBuildTaskBeanInfo> (0x00000000969d7f68) 
thrown [s\src\hotspot\share\classfile\systemDictionary.cpp, line 256]
Event: 35.152 Thread 0x00000231fb445310 Exception <a 'java/lang/ClassNotFoundException'{0x00000000969e88d0}: com/android/build/gradle/tasks/ExternalNativeBuildTaskCustomizer> (0x00000000969e88d0) 
thrown [s\src\hotspot\share\classfile\systemDictionary.cpp, line 256]
Event: 35.154 Thread 0x00000231fb445310 Exception <a 'java/lang/ClassNotFoundException'{0x000000009680c0a8}: com/android/build/gradle/tasks/ExternalNativeBuildTask_DecoratedCustomizer> (0x000000009680c0a8) 
thrown [s\src\hotspot\share\classfile\systemDictionary.cpp, line 256]
Event: 35.219 Thread 0x00000231fb445310 Exception <a 'java/lang/ClassNotFoundException'{0x00000000968f5088}: build_df7p7cdxfark2nz600cadcpu9BeanInfo> (0x00000000968f5088) 
thrown [s\src\hotspot\share\classfile\systemDictionary.cpp, line 256]
Event: 35.219 Thread 0x00000231fb445310 Exception <a 'java/lang/ClassNotFoundException'{0x00000000968fc568}: build_df7p7cdxfark2nz600cadcpu9Customizer> (0x00000000968fc568) 
thrown [s\src\hotspot\share\classfile\systemDictionary.cpp, line 256]
Event: 36.268 Thread 0x00000231fb445310 Exception <a 'sun/nio/fs/WindowsException'{0x000000009e9850f0}> (0x000000009e9850f0) 
thrown [s\src\hotspot\share\prims\jni.cpp, line 516]
Event: 36.269 Thread 0x00000231fb445310 Exception <a 'sun/nio/fs/WindowsException'{0x000000009e986a68}> (0x000000009e986a68) 
thrown [s\src\hotspot\share\prims\jni.cpp, line 516]
Event: 36.270 Thread 0x00000231fb445310 Exception <a 'sun/nio/fs/WindowsException'{0x000000009e99aae0}> (0x000000009e99aae0) 
thrown [s\src\hotspot\share\prims\jni.cpp, line 516]
Event: 36.273 Thread 0x00000231fb445310 Exception <a 'sun/nio/fs/WindowsException'{0x000000009e9acc48}> (0x000000009e9acc48) 
thrown [s\src\hotspot\share\prims\jni.cpp, line 516]
Event: 36.275 Thread 0x00000231fb445310 Exception <a 'sun/nio/fs/WindowsException'{0x000000009e9c13d8}> (0x000000009e9c13d8) 
thrown [s\src\hotspot\share\prims\jni.cpp, line 516]
Event: 36.277 Thread 0x00000231fb445310 Exception <a 'sun/nio/fs/WindowsException'{0x000000009e9d3060}> (0x000000009e9d3060) 
thrown [s\src\hotspot\share\prims\jni.cpp, line 516]
Event: 36.279 Thread 0x00000231fb445310 Exception <a 'sun/nio/fs/WindowsException'{0x000000009e9e4960}> (0x000000009e9e4960) 
thrown [s\src\hotspot\share\prims\jni.cpp, line 516]
Event: 36.281 Thread 0x00000231fb445310 Exception <a 'sun/nio/fs/WindowsException'{0x000000009e9f95e8}> (0x000000009e9f95e8) 
thrown [s\src\hotspot\share\prims\jni.cpp, line 516]
Event: 36.287 Thread 0x00000231fb445310 Exception <a 'sun/nio/fs/WindowsException'{0x000000009e80b4c0}> (0x000000009e80b4c0) 
thrown [s\src\hotspot\share\prims\jni.cpp, line 516]
Event: 36.289 Thread 0x00000231fb445310 Exception <a 'sun/nio/fs/WindowsException'{0x000000009e824c78}> (0x000000009e824c78) 
thrown [s\src\hotspot\share\prims\jni.cpp, line 516]
Event: 36.291 Thread 0x00000231fb445310 Exception <a 'sun/nio/fs/WindowsException'{0x000000009e836c58}> (0x000000009e836c58) 
thrown [s\src\hotspot\share\prims\jni.cpp, line 516]
Event: 36.295 Thread 0x00000231fb445310 Exception <a 'sun/nio/fs/WindowsException'{0x000000009e848af0}> (0x000000009e848af0) 
thrown [s\src\hotspot\share\prims\jni.cpp, line 516]
Event: 36.297 Thread 0x00000231fb445310 Exception <a 'sun/nio/fs/WindowsException'{0x000000009e85b6f0}> (0x000000009e85b6f0) 
thrown [s\src\hotspot\share\prims\jni.cpp, line 516]
Event: 36.299 Thread 0x00000231fb445310 Exception <a 'sun/nio/fs/WindowsException'{0x000000009e870a40}> (0x000000009e870a40) 
thrown [s\src\hotspot\share\prims\jni.cpp, line 516]

VM Operations (20 events):
Event: 33.418 Executing VM operation: HandshakeAllThreads done
Event: 33.438 Executing VM operation: ICBufferFull
Event: 33.439 Executing VM operation: ICBufferFull done
Event: 33.486 Executing VM operation: G1CollectForAllocation
Event: 33.501 Executing VM operation: G1CollectForAllocation done
Event: 33.647 Executing VM operation: HandshakeAllThreads
Event: 33.648 Executing VM operation: HandshakeAllThreads done
Event: 33.706 Executing VM operation: HandshakeAllThreads
Event: 33.714 Executing VM operation: HandshakeAllThreads done
Event: 34.366 Executing VM operation: ICBufferFull
Event: 34.367 Executing VM operation: ICBufferFull done
Event: 34.371 Executing VM operation: HandshakeAllThreads
Event: 34.372 Executing VM operation: HandshakeAllThreads done
Event: 35.110 Executing VM operation: ICBufferFull
Event: 35.110 Executing VM operation: ICBufferFull done
Event: 35.559 Executing VM operation: G1CollectForAllocation
Event: 35.569 Executing VM operation: G1CollectForAllocation done
Event: 36.210 Executing VM operation: G1CollectForAllocation
Event: 36.220 Executing VM operation: G1CollectForAllocation done
Event: 37.227 Executing VM operation: Cleanup

Memory protections (0 events):
No events

Nmethod flushes (20 events):
Event: 33.770 Thread 0x00000231f544c780 flushing  nmethod 0x00000231e00d7b90
Event: 33.770 Thread 0x00000231f544c780 flushing  nmethod 0x00000231e00d8710
Event: 33.770 Thread 0x00000231f544c780 flushing  nmethod 0x00000231e00d9090
Event: 33.770 Thread 0x00000231f544c780 flushing  nmethod 0x00000231e00d9990
Event: 33.770 Thread 0x00000231f544c780 flushing  nmethod 0x00000231e00d9d90
Event: 33.770 Thread 0x00000231f544c780 flushing  nmethod 0x00000231e00dac10
Event: 33.770 Thread 0x00000231f544c780 flushing  nmethod 0x00000231e00dd390
Event: 33.770 Thread 0x00000231f544c780 flushing  nmethod 0x00000231e00dd910
Event: 33.770 Thread 0x00000231f544c780 flushing  nmethod 0x00000231e00dde90
Event: 33.770 Thread 0x00000231f544c780 flushing  nmethod 0x00000231e00e0010
Event: 33.772 Thread 0x00000231f544c780 flushing  nmethod 0x00000231e0155490
Event: 33.772 Thread 0x00000231f544c780 flushing  nmethod 0x00000231e0155890
Event: 33.772 Thread 0x00000231f544c780 flushing  nmethod 0x00000231e0156e90
Event: 33.772 Thread 0x00000231f544c780 flushing  nmethod 0x00000231e0157890
Event: 33.772 Thread 0x00000231f544c780 flushing  nmethod 0x00000231e0157f10
Event: 33.773 Thread 0x00000231f544c780 flushing  nmethod 0x00000231e01af810
Event: 33.774 Thread 0x00000231f544c780 flushing  nmethod 0x00000231e020c710
Event: 33.777 Thread 0x00000231f544c780 flushing  nmethod 0x00000231e03e1a10
Event: 33.778 Thread 0x00000231f544c780 flushing  nmethod 0x00000231e03f3a90
Event: 33.780 Thread 0x00000231f544c780 flushing  nmethod 0x00000231e044b710

Events (20 events):
Event: 28.214 Thread 0x00000231fb445310 Thread added: 0x00000231a1d94c50
Event: 28.456 Thread 0x00000231fb445310 Thread added: 0x00000231a1d91ec0
Event: 28.752 Thread 0x00000231fb445310 Thread added: 0x00000231a1d95160
Event: 29.150 Thread 0x00000231fb445310 Thread added: 0x00000231a1d90060
Event: 29.943 Thread 0x00000231a08615a0 Thread exited: 0x00000231a08615a0
Event: 30.180 Thread 0x00000231ff3b0eb0 Thread added: 0x00000231a234fab0
Event: 30.433 Thread 0x00000231fb445310 Thread added: 0x00000231a1d95670
Event: 30.450 Thread 0x00000231a1d95670 Thread added: 0x00000231a1d95b80
Event: 30.450 Thread 0x00000231a1d95670 Thread added: 0x00000231a1d96090
Event: 31.500 Thread 0x00000231a234fab0 Thread exited: 0x00000231a234fab0
Event: 31.500 Thread 0x00000231ff3b0eb0 Thread exited: 0x00000231ff3b0eb0
Event: 32.047 Thread 0x00000231f544bd80 Thread added: 0x00000231a0e50be0
Event: 32.136 Thread 0x00000231f544bd80 Thread added: 0x00000231a0e4dc10
Event: 33.520 Thread 0x00000231a0e4dc10 Thread exited: 0x00000231a0e4dc10
Event: 33.623 Thread 0x00000231f544bd80 Thread added: 0x00000231ff5d7160
Event: 34.257 Thread 0x00000231ff5d7160 Thread exited: 0x00000231ff5d7160
Event: 34.257 Thread 0x00000231a0e50be0 Thread exited: 0x00000231a0e50be0
Event: 34.598 Thread 0x00000231f544bd80 Thread added: 0x00000231ff3b0410
Event: 35.395 Thread 0x00000231f544bd80 Thread added: 0x00000231a3583aa0
Event: 36.105 Thread 0x00000231a3583aa0 Thread exited: 0x00000231a3583aa0


Dynamic libraries:
0x00007ff7e1e50000 - 0x00007ff7e1e5e000 	C:\Program Files\Microsoft\jdk-17.0.17.10-hotspot\bin\java.exe
0x00007ffe55ae0000 - 0x00007ffe55d47000 	C:\WINDOWS\SYSTEM32\ntdll.dll
0x00007ffe540a0000 - 0x00007ffe54169000 	C:\WINDOWS\System32\KERNEL32.DLL
0x00007ffe52520000 - 0x00007ffe52914000 	C:\WINDOWS\System32\KERNELBASE.dll
0x00007ffe53670000 - 0x00007ffe537bb000 	C:\WINDOWS\System32\ucrtbase.dll
0x00007ffe03650000 - 0x00007ffe03668000 	C:\Program Files\Microsoft\jdk-17.0.17.10-hotspot\bin\jli.dll
0x00007ffe0e4e0000 - 0x00007ffe0e4fe000 	C:\Program Files\Microsoft\jdk-17.0.17.10-hotspot\bin\VCRUNTIME140.dll
0x00007ffe53ed0000 - 0x00007ffe54095000 	C:\WINDOWS\System32\USER32.dll
0x00007ffe53250000 - 0x00007ffe53277000 	C:\WINDOWS\System32\win32u.dll
0x00007ffe295d0000 - 0x00007ffe29863000 	C:\WINDOWS\WinSxS\amd64_microsoft.windows.common-controls_6595b64144ccf1df_6.0.26100.8115_none_3e075c82e3354f9c\COMCTL32.dll
0x00007ffe55950000 - 0x00007ffe5597b000 	C:\WINDOWS\System32\GDI32.dll
0x00007ffe53980000 - 0x00007ffe53a29000 	C:\WINDOWS\System32\msvcrt.dll
0x00007ffe53280000 - 0x00007ffe533ab000 	C:\WINDOWS\System32\gdi32full.dll
0x00007ffe537c0000 - 0x00007ffe53863000 	C:\WINDOWS\System32\msvcp_win.dll
0x00007ffe54e00000 - 0x00007ffe54e32000 	C:\WINDOWS\System32\IMM32.DLL
0x00007ffe3f6e0000 - 0x00007ffe3f6ec000 	C:\Program Files\Microsoft\jdk-17.0.17.10-hotspot\bin\vcruntime140_1.dll
0x00007ffd821a0000 - 0x00007ffd82229000 	C:\Program Files\Microsoft\jdk-17.0.17.10-hotspot\bin\msvcp140.dll
0x00007ffd6da90000 - 0x00007ffd6e70a000 	C:\Program Files\Microsoft\jdk-17.0.17.10-hotspot\bin\server\jvm.dll
0x00007ffe54310000 - 0x00007ffe543c6000 	C:\WINDOWS\System32\ADVAPI32.dll
0x00007ffe54a10000 - 0x00007ffe54ab7000 	C:\WINDOWS\System32\sechost.dll
0x00007ffe54b80000 - 0x00007ffe54c98000 	C:\WINDOWS\System32\RPCRT4.dll
0x00007ffe53870000 - 0x00007ffe538f0000 	C:\WINDOWS\System32\WS2_32.dll
0x00007ffe52060000 - 0x00007ffe520be000 	C:\WINDOWS\SYSTEM32\POWRPROF.dll
0x00007ffe45870000 - 0x00007ffe458a6000 	C:\WINDOWS\SYSTEM32\WINMM.dll
0x00007ffe46280000 - 0x00007ffe4628b000 	C:\WINDOWS\SYSTEM32\VERSION.dll
0x00007ffe52040000 - 0x00007ffe52054000 	C:\WINDOWS\SYSTEM32\UMPDC.dll
0x00007ffe51110000 - 0x00007ffe5112b000 	C:\WINDOWS\SYSTEM32\kernel.appcore.dll
0x00007ffe370a0000 - 0x00007ffe370aa000 	C:\Program Files\Microsoft\jdk-17.0.17.10-hotspot\bin\jimage.dll
0x00007ffe502e0000 - 0x00007ffe50522000 	C:\WINDOWS\SYSTEM32\DBGHELP.DLL
0x00007ffe54e40000 - 0x00007ffe551c2000 	C:\WINDOWS\System32\combase.dll
0x00007ffe54450000 - 0x00007ffe54528000 	C:\WINDOWS\System32\OLEAUT32.dll
0x00007ffe171e0000 - 0x00007ffe1721b000 	C:\WINDOWS\SYSTEM32\dbgcore.DLL
0x00007ffe53440000 - 0x00007ffe534e5000 	C:\WINDOWS\System32\bcryptPrimitives.dll
0x00007ffe246f0000 - 0x00007ffe246ff000 	C:\Program Files\Microsoft\jdk-17.0.17.10-hotspot\bin\instrument.dll
0x00007ffdd55c0000 - 0x00007ffdd55e6000 	C:\Program Files\Microsoft\jdk-17.0.17.10-hotspot\bin\java.dll
0x00007ffd7dbc0000 - 0x00007ffd7dc96000 	C:\Program Files\Microsoft\jdk-17.0.17.10-hotspot\bin\jsvml.dll
0x00007ffe551d0000 - 0x00007ffe55937000 	C:\WINDOWS\System32\SHELL32.dll
0x00007ffe523b0000 - 0x00007ffe5251a000 	C:\WINDOWS\System32\wintypes.dll
0x00007ffe529e0000 - 0x00007ffe53248000 	C:\WINDOWS\System32\windows.storage.dll
0x00007ffe53dd0000 - 0x00007ffe53ec8000 	C:\WINDOWS\System32\SHCORE.dll
0x00007ffe543e0000 - 0x00007ffe54446000 	C:\WINDOWS\System32\shlwapi.dll
0x00007ffe522d0000 - 0x00007ffe522f9000 	C:\WINDOWS\SYSTEM32\profapi.dll
0x00007ffde9010000 - 0x00007ffde9028000 	C:\Program Files\Microsoft\jdk-17.0.17.10-hotspot\bin\zip.dll
0x00007ffe00750000 - 0x00007ffe0076b000 	C:\Program Files\Microsoft\jdk-17.0.17.10-hotspot\bin\net.dll
0x00007ffe47fe0000 - 0x00007ffe4810d000 	C:\WINDOWS\SYSTEM32\WINHTTP.dll
0x00007ffe51690000 - 0x00007ffe516fc000 	C:\WINDOWS\system32\mswsock.dll
0x00007ffde9cb0000 - 0x00007ffde9cc6000 	C:\Program Files\Microsoft\jdk-17.0.17.10-hotspot\bin\nio.dll
0x00007ffe3fa50000 - 0x00007ffe3fa60000 	C:\Program Files\Microsoft\jdk-17.0.17.10-hotspot\bin\verify.dll
0x00007ffe0d2d0000 - 0x00007ffe0d2f7000 	C:\Users\KrisMar\.gradle\native\1def1411415f61bf3af743bc5b6707747c0891f09f0c88961ee8f79bc544acac\windows-amd64\native-platform.dll
0x00007ffdce0c0000 - 0x00007ffdce138000 	C:\Users\KrisMar\.gradle\native\0.2.7\x86_64-windows-gnu\gradle-fileevents.dll
0x00007ffe336e0000 - 0x00007ffe336ea000 	C:\Program Files\Microsoft\jdk-17.0.17.10-hotspot\bin\management.dll
0x00007ffe24c00000 - 0x00007ffe24c0c000 	C:\Program Files\Microsoft\jdk-17.0.17.10-hotspot\bin\management_ext.dll
0x00007ffe53a30000 - 0x00007ffe53a38000 	C:\WINDOWS\System32\PSAPI.DLL
0x00007ffe50b20000 - 0x00007ffe50b52000 	C:\WINDOWS\SYSTEM32\IPHLPAPI.DLL
0x00007ffe55940000 - 0x00007ffe5594a000 	C:\WINDOWS\System32\NSI.dll
0x00007ffe48390000 - 0x00007ffe483ad000 	C:\WINDOWS\SYSTEM32\dhcpcsvc6.DLL
0x00007ffe48360000 - 0x00007ffe48385000 	C:\WINDOWS\SYSTEM32\dhcpcsvc.DLL
0x00007ffe50bc0000 - 0x00007ffe50cf2000 	C:\WINDOWS\SYSTEM32\DNSAPI.dll
0x00007ffe248f0000 - 0x00007ffe248f9000 	C:\Program Files\Microsoft\jdk-17.0.17.10-hotspot\bin\extnet.dll
0x00007ffe51990000 - 0x00007ffe519ab000 	C:\WINDOWS\SYSTEM32\CRYPTSP.dll
0x00007ffe51070000 - 0x00007ffe510a9000 	C:\WINDOWS\system32\rsaenh.dll
0x00007ffe51740000 - 0x00007ffe51773000 	C:\WINDOWS\SYSTEM32\USERENV.dll
0x00007ffe522a0000 - 0x00007ffe522ca000 	C:\WINDOWS\SYSTEM32\bcrypt.dll
0x00007ffe519b0000 - 0x00007ffe519bc000 	C:\WINDOWS\SYSTEM32\CRYPTBASE.dll
0x00007ffe23cc0000 - 0x00007ffe23cce000 	C:\Program Files\Microsoft\jdk-17.0.17.10-hotspot\bin\sunmscapi.dll
0x00007ffe534f0000 - 0x00007ffe53667000 	C:\WINDOWS\System32\CRYPT32.dll
0x00007ffe51bb0000 - 0x00007ffe51be0000 	C:\WINDOWS\SYSTEM32\ncrypt.dll
0x00007ffe51b60000 - 0x00007ffe51b9f000 	C:\WINDOWS\SYSTEM32\NTASN1.dll
0x00007ffe23ef0000 - 0x00007ffe23ef8000 	C:\WINDOWS\system32\wshunix.dll
0x00007ffe48e60000 - 0x00007ffe48e6b000 	C:\Windows\System32\rasadhlp.dll
0x00007ffe45d10000 - 0x00007ffe45d96000 	C:\WINDOWS\System32\fwpuclnt.dll

dbghelp: loaded successfully - version: 4.0.5 - missing functions: none
symbol engine: initialized successfully - sym options: 0x614 - pdb path: .;C:\Program Files\Microsoft\jdk-17.0.17.10-hotspot\bin;C:\WINDOWS\SYSTEM32;C:\WINDOWS\WinSxS\amd64_microsoft.windows.common-controls_6595b64144ccf1df_6.0.26100.8115_none_3e075c82e3354f9c;C:\Program Files\Microsoft\jdk-17.0.17.10-hotspot\bin\server;C:\Users\KrisMar\.gradle\native\1def1411415f61bf3af743bc5b6707747c0891f09f0c88961ee8f79bc544acac\windows-amd64;C:\Users\KrisMar\.gradle\native\0.2.7\x86_64-windows-gnu

VM Arguments:
jvm_args: --add-opens=java.base/java.lang=ALL-UNNAMED --add-opens=java.base/java.lang.invoke=ALL-UNNAMED --add-opens=java.base/java.util=ALL-UNNAMED --add-opens=java.prefs/java.util.prefs=ALL-UNNAMED --add-exports=jdk.compiler/com.sun.tools.javac.api=ALL-UNNAMED --add-exports=jdk.compiler/com.sun.tools.javac.util=ALL-UNNAMED --add-opens=java.base/java.util=ALL-UNNAMED --add-opens=java.prefs/java.util.prefs=ALL-UNNAMED --add-opens=java.base/java.nio.charset=ALL-UNNAMED --add-opens=java.base/java.net=ALL-UNNAMED --add-opens=java.base/java.util.concurrent.atomic=ALL-UNNAMED --add-opens=java.xml/javax.xml.namespace=ALL-UNNAMED -XX:MaxMetaspaceSize=512m -Xmx2048m -Dfile.encoding=windows-1252 -Duser.country=PH -Duser.language=en -Duser.variant -javaagent:C:\Users\KrisMar\.gradle\wrapper\dists\gradle-8.13-bin\5xuhj0ry160q40clulazy9h7d\gradle-8.13\lib\agents\gradle-instrumentation-agent-8.13.jar 
java_command: org.gradle.launcher.daemon.bootstrap.GradleDaemon 8.13
java_class_path (initial): C:\Users\KrisMar\.gradle\wrapper\dists\gradle-8.13-bin\5xuhj0ry160q40clulazy9h7d\gradle-8.13\lib\gradle-daemon-main-8.13.jar
Launcher Type: SUN_STANDARD

[Global flags]
     intx CICompilerCount                          = 4                                         {product} {ergonomic}
   size_t CompressedClassSpaceSize                 = 436207616                                 {product} {ergonomic}
     uint ConcGCThreads                            = 3                                         {product} {ergonomic}
     uint G1ConcRefinementThreads                  = 10                                        {product} {ergonomic}
   size_t G1HeapRegionSize                         = 1048576                                   {product} {ergonomic}
    uintx GCDrainStackTargetSize                   = 64                                        {product} {ergonomic}
   size_t InitialHeapSize                          = 398458880                                 {product} {ergonomic}
   size_t MarkStackSize                            = 4194304                                   {product} {ergonomic}
   size_t MaxHeapSize                              = 2147483648                                {product} {command line}
   size_t MaxMetaspaceSize                         = 536870912                                 {product} {command line}
   size_t MaxNewSize                               = 1287651328                                {product} {ergonomic}
   size_t MinHeapDeltaBytes                        = 1048576                                   {product} {ergonomic}
   size_t MinHeapSize                              = 8388608                                   {product} {ergonomic}
    uintx NonNMethodCodeHeapSize                   = 5839372                                {pd product} {ergonomic}
    uintx NonProfiledCodeHeapSize                  = 122909434                              {pd product} {ergonomic}
    uintx ProfiledCodeHeapSize                     = 122909434                              {pd product} {ergonomic}
    uintx ReservedCodeCacheSize                    = 251658240                              {pd product} {ergonomic}
     bool SegmentedCodeCache                       = true                                      {product} {ergonomic}
   size_t SoftMaxHeapSize                          = 2147483648                             {manageable} {ergonomic}
     bool UseCompressedClassPointers               = true                           {product lp64_product} {ergonomic}
     bool UseCompressedOops                        = true                           {product lp64_product} {ergonomic}
     bool UseG1GC                                  = true                                      {product} {ergonomic}
     bool UseLargePagesIndividualAllocation        = false                                  {pd product} {ergonomic}

Logging:
Log output configuration:
 #0: stdout all=warning uptime,level,tags
 #1: stderr all=off uptime,level,tags

Environment Variables:
JAVA_HOME=C:\Program Files\Microsoft\jdk-17.0.17.10-hotspot\
PATH=C:\APPDEV\LARIOSA\node_modules\.bin;C:\APPDEV\LARIOSA\node_modules\.bin;C:\APPDEV\node_modules\.bin;C:\node_modules\.bin;C:\Program Files\nodejs\node_modules\npm\node_modules\@npmcli\run-script\lib\node-gyp-bin;C:\Program Files\WindowsApps\Microsoft.PowerShell_7.6.0.0_x64__8wekyb3d8bbwe;c:\Users\KrisMar\AppData\Roaming\Code\User\globalStorage\github.copilot-chat\debugCommand;c:\Users\KrisMar\AppData\Roaming\Code\User\globalStorage\github.copilot-chat\copilotCli;C:\Users\KrisMar\AppData\Local\Programs\Microsoft VS Code;C:\Program Files\Microsoft\jdk-17.0.17.10-hotspot\bin;C:\Program Files\MySQL\MySQL Server 8.0\bin;C:\Program Files\Common Files\Oracle\Java\javapath;C:\WINDOWS\system32;C:\WINDOWS;C:\WINDOWS\System32\Wbem;C:\WINDOWS\System32\WindowsPowerShell\v1.0\;C:\WINDOWS\System32\OpenSSH\;C:\Program Files (x86)\NVIDIA Corporation\PhysX\Common;C:\Users\KrisMar\Downloads\Compressed\apache-maven-3.9.9-bin\apache-maven-3.9.9\bin;C:\ProgramData\chocolatey\bin;C:\Program Files\Git\cmd;C:\xampp\php\php.exe;C:\xampp\php;C:\ProgramData\ComposerSetup\bin;C:\Program Files\NVIDIA Corporation\NVIDIA App\NvDLISR;C:\Program Files\nodejs\;C:\scrcpy-win64-v3.3.4;C:\Program Files\Docker\Docker\resources\bin;C:\Users\KrisMar\AppData\Local\Android\Sdk\tools;C:\Users\KrisMar\scoop\shims;C:\Program Files\MySQL\MySQL Shell 8.0\bin\;C:\Users\KrisMar\AppData\Local\Microsoft\WindowsApps;C:\Users\KrisMar\AppData\Local\Programs\Microsoft VS Code\bin;C:\Users\KrisMar\AppData\Roaming\Composer\vendor\bin;C:\Users\KrisMar\AppData\Roaming\npm;C:\Users\KrisMar\AppData\Local\Android\Sdk\platform-tools;C:\Users\KrisMar\AppData\Local\Programs\cursor\resources\app\bin;C:\Users\KrisMar\AppData\Local\Programs\Windsurf\bin;c:\Users\KrisMar\.vscode\extensions\vscjava.vscode-java-debug-0.59.0\bundled\scripts\noConfigScripts
USERNAME=KrisMar
LANG=en_US.UTF-8
OS=Windows_NT
PROCESSOR_IDENTIFIER=Intel64 Family 6 Model 151 Stepping 2, GenuineIntel
TMP=C:\Users\KrisMar\AppData\Local\Temp
TEMP=C:\Users\KrisMar\AppData\Local\Temp



Periodic native trim disabled


---------------  S Y S T E M  ---------------

OS:
 Windows 11 , 64 bit Build 26100 (10.0.26100.8246)
OS uptime: 0 days 8:01 hours
Hyper-V role detected

CPU: total 12 (initial active 12) (6 cores per cpu, 2 threads per core) family 6 model 151 stepping 2 microcode 0x3e, cx8, cmov, fxsr, ht, mmx, 3dnowpref, sse, sse2, sse3, ssse3, sse4.1, sse4.2, popcnt, lzcnt, tsc, tscinvbit, avx, avx2, aes, erms, clmul, bmi1, bmi2, adx, sha, fma, vzeroupper, clflush, clflushopt, clwb, hv
Processor Information for the first 12 processors :
  Max Mhz: 2400, Current Mhz: 2400, Mhz Limit: 2400

Memory: 4k page, system-wide physical 24283M (5769M free)
TotalPageFile size 24283M (AvailPageFile size 111M)
current process WorkingSet (physical memory assigned to process): 881M, peak: 881M
current process commit charge ("private bytes"): 938M, peak: 938M

vm_info: OpenJDK 64-Bit Server VM (17.0.17+10-LTS) for windows-amd64 JRE (17.0.17+10-LTS), built on Oct 13 2025 22:19:56 by "MicrosoftCorporation" with unknown MS VC++:1944

END.
